Volume injected (mL), NC (-)
0,0.011312
0.00014889,0.01121
0.00029778,0.011605
0.00044667,0.011668
0.00059556,0.011629
0.00074444,0.01157
0.00089333,0.011455
0.0010422,0.011706
0.0011911,0.011158
0.00134,0.011685
0.0014889,0.011621
0.0016378,0.011473
0.0017867,0.011216
0.0019356,0.011688
0.0020844,0.011874
0.0022333,0.012079
0.0023822,0.011496
0.0025311,0.01171
0.00268,0.011602
0.0028289,0.011683
0.0029778,0.011478
0.0031267,0.011643
0.0032756,0.011365
0.0034244,0.011561
0.0035733,0.011268
0.0037222,0.011363
0.0038711,0.011724
0.00402,0.01208
0.0041689,0.011365
0.0043178,0.011567
0.0044667,0.01136
0.0046156,0.011884
0.0047644,0.011523
0.0049133,0.011514
0.0050622,0.01158
0.0052111,0.011668
0.00536,0.011224
0.0055089,0.011888
0.0056578,0.011753
0.0058067,0.011859
0.0059556,0.011505
0.0061044,0.011609
0.0062533,0.011512
0.0064022,0.011617
0.0065511,0.011389
0.0067,0.011868
0.0068489,0.011567
0.0069978,0.01174
0.0071467,0.011706
0.0072956,0.011678
0.0074444,0.011828
0.0075933,0.01173
0.0077422,0.011425
0.0078911,0.011713
0.00804,0.011811
0.0081889,0.011658
0.0083378,0.011501
0.0084867,0.011494
0.0086356,0.011814
0.0087844,0.011482
0.0089333,0.011467
0.0090822,0.011763
0.0092311,0.011752
0.00938,0.011654
0.0095289,0.01161
0.0096778,0.011753
0.0098267,0.012079
0.0099756,0.012021
0.010124,0.011532
0.010273,0.012025
0.010422,0.012274
0.010571,0.012185
0.01072,0.011907
0.010869,0.012134
0.011018,0.012217
0.011167,0.012342
0.011316,0.012121
0.011464,0.012523
0.011613,0.012783
0.011762,0.012902
0.011911,0.012429
0.01206,0.012552
0.012209,0.012997
0.012358,0.012788
0.012507,0.01283
0.012656,0.012872
0.012804,0.013125
0.012953,0.013154
0.013102,0.013186
0.013251,0.013131
0.0134,0.013536
0.013549,0.013786
0.013698,0.01348
0.013847,0.013792
0.013996,0.013982
0.014144,0.014251
0.014293,0.013897
0.014442,0.014221
0.014591,0.014464
0.01474,0.014761
0.014889,0.014267
0.015038,0.014608
0.015187,0.014997
0.015336,0.014865
0.015484,0.01477
0.015633,0.014786
0.015782,0.014788
0.015931,0.014845
0.01608,0.01485
0.016229,0.015364
0.016378,0.015296
0.016527,0.015538
0.016676,0.015295
0.016824,0.015833
0.016973,0.015867
0.017122,0.016158
0.017271,0.016123
0.01742,0.016188
0.017569,0.016694
0.017718,0.016489
0.017867,0.016649
0.018016,0.016882
0.018164,0.017131
0.018313,0.017314
0.018462,0.016772
0.018611,0.017262
0.01876,0.017296
0.018909,0.017559
0.019058,0.017555
0.019207,0.017894
0.019356,0.018131
0.019504,0.018174
0.019653,0.017824
0.019802,0.018337
0.019951,0.018388
0.0201,0.018453
0.020249,0.018455
0.020398,0.018827
0.020547,0.018698
0.020696,0.019061
0.020844,0.01922
0.020993,0.019205
0.021142,0.019344
0.021291,0.019808
0.02144,0.019628
0.021589,0.019814
0.021738,0.019757
0.021887,0.020035
0.022036,0.020051
0.022184,0.020247
0.022333,0.020314
0.022482,0.020789
0.022631,0.020837
0.02278,0.020868
0.022929,0.021094
0.023078,0.021207
0.023227,0.021094
0.023376,0.021391
0.023524,0.021635
0.023673,0.021934
0.023822,0.021797
0.023971,0.021981
0.02412,0.022119
0.024269,0.022333
0.024418,0.022286
0.024567,0.022538
0.024716,0.023004
0.024864,0.022976
0.025013,0.023038
0.025162,0.023315
0.025311,0.023489
0.02546,0.023611
0.025609,0.02343
0.025758,0.023938
0.025907,0.024332
0.026056,0.024212
0.026204,0.024507
0.026353,0.02478
0.026502,0.024807
0.026651,0.024766
0.0268,0.024763
0.026949,0.025234
0.027098,0.025355
0.027247,0.025756
0.027396,0.025398
0.027544,0.025917
0.027693,0.026095
0.027842,0.026271
0.027991,0.026266
0.02814,0.026359
0.028289,0.026567
0.028438,0.026761
0.028587,0.026725
0.028736,0.027029
0.028884,0.026934
0.029033,0.027333
0.029182,0.027281
0.029331,0.02735
0.02948,0.027705
0.029629,0.027858
0.029778,0.027909
0.029927,0.028647
0.030076,0.02824
0.030224,0.028726
0.030373,0.02855
0.030522,0.028871
0.030671,0.029161
0.03082,0.029098
0.030969,0.029156
0.031118,0.029438
0.031267,0.029465
0.031416,0.029875
0.031564,0.029907
0.031713,0.030031
0.031862,0.0305
0.032011,0.030627
0.03216,0.030646
0.032309,0.031238
0.032458,0.031019
0.032607,0.031197
0.032756,0.031085
0.032904,0.031244
0.033053,0.031859
0.033202,0.031883
0.033351,0.031833
0.0335,0.032396
0.033649,0.032524
0.033798,0.032747
0.033947,0.032569
0.034096,0.032946
0.034244,0.033167
0.034393,0.033374
0.034542,0.033256
0.034691,0.033368
0.03484,0.033693
0.034989,0.033942
0.035138,0.033862
0.035287,0.034208
0.035436,0.034112
0.035584,0.034735
0.035733,0.03464
0.035882,0.034949
0.036031,0.034886
0.03618,0.034933
0.036329,0.034957
0.036478,0.035361
0.036627,0.035567
0.036776,0.035651
0.036924,0.035804
0.037073,0.035745
0.037222,0.03634
0.037371,0.036069
0.03752,0.036329
0.037669,0.036697
0.037818,0.036647
0.037967,0.036966
0.038116,0.036985
0.038264,0.0373
0.038413,0.037276
0.038562,0.037619
0.038711,0.037729
0.03886,0.038063
0.039009,0.038148
0.039158,0.038228
0.039307,0.038108
0.039456,0.038485
0.039604,0.038823
0.039753,0.038774
0.039902,0.038883
0.040051,0.039043
0.0402,0.039288
0.040349,0.039461
0.040498,0.039714
0.040647,0.039911
0.040796,0.039949
0.040944,0.040288
0.041093,0.040027
0.041242,0.04057
0.041391,0.040551
0.04154,0.04069
0.041689,0.040502
0.041838,0.041023
0.041987,0.040842
0.042136,0.041393
0.042284,0.041041
0.042433,0.041569
0.042582,0.041835
0.042731,0.04201
0.04288,0.041694
0.043029,0.042424
0.043178,0.042365
0.043327,0.042231
0.043476,0.042374
0.043624,0.042642
0.043773,0.04258
0.043922,0.042933
0.044071,0.042634
0.04422,0.042945
0.044369,0.043144
0.044518,0.043588
0.044667,0.043491
0.044816,0.043792
0.044964,0.04379
0.045113,0.044425
0.045262,0.044083
0.045411,0.044548
0.04556,0.044449
0.045709,0.044938
0.045858,0.044798
0.046007,0.044689
0.046156,0.045424
0.046304,0.045158
0.046453,0.045119
0.046602,0.045548
0.046751,0.045859
0.0469,0.045716
0.047049,0.045658
0.047198,0.045817
0.047347,0.046186
0.047496,0.04614
0.047644,0.046059
0.047793,0.046334
0.047942,0.046679
0.048091,0.046546
0.04824,0.0464
0.048389,0.046937
0.048538,0.046926
0.048687,0.046944
0.048836,0.046836
0.048984,0.047401
0.049133,0.047416
0.049282,0.047491
0.049431,0.047392
0.04958,0.047622
0.049729,0.047913
0.049878,0.047916
0.050027,0.047753
0.050176,0.048304
0.050324,0.04848
0.050473,0.048386
0.050622,0.048473
0.050771,0.048757
0.05092,0.048871
0.051069,0.049299
0.051218,0.048614
0.051367,0.049128
0.051516,0.049242
0.051664,0.049189
0.051813,0.04921
0.051962,0.049668
0.052111,0.049539
0.05226,0.049751
0.052409,0.049178
0.052558,0.049876
0.052707,0.050119
0.052856,0.05047
0.053004,0.050078
0.053153,0.050416
0.053302,0.050274
0.053451,0.05059
0.0536,0.05046
0.053749,0.050878
0.053898,0.050962
0.054047,0.050987
0.054196,0.050747
0.054344,0.051255
0.054493,0.051466
0.054642,0.05138
0.054791,0.051358
0.05494,0.051522
0.055089,0.051628
0.055238,0.051753
0.055387,0.051653
0.055536,0.051956
0.055684,0.052198
0.055833,0.052021
0.055982,0.052221
0.056131,0.052508
0.05628,0.052588
0.056429,0.052423
0.056578,0.052206
0.056727,0.052777
0.056876,0.05255
0.057024,0.052954
0.057173,0.053001
0.057322,0.05337
0.057471,0.053566
0.05762,0.053888
0.057769,0.053481
0.057918,0.053558
0.058067,0.053503
0.058216,0.053924
0.058364,0.053725
0.058513,0.053876
0.058662,0.053947
0.058811,0.054256
0.05896,0.054007
0.059109,0.054305
0.059258,0.05449
0.059407,0.054715
0.059556,0.054699
0.059704,0.054592
0.059853,0.055314
0.060002,0.055098
0.060151,0.054564
0.0603,0.054847
0.060449,0.055145
0.060598,0.055125
0.060747,0.055089
0.060896,0.055211
0.061044,0.05548
0.061193,0.055208
0.061342,0.055171
0.061491,0.055553
0.06164,0.055292
0.061789,0.055579
0.061938,0.055641
0.062087,0.055833
0.062236,0.055969
0.062384,0.05578
0.062533,0.055725
0.062682,0.055994
0.062831,0.056119
0.06298,0.056404
0.063129,0.056305
0.063278,0.056316
0.063427,0.056479
0.063576,0.056411
0.063724,0.056399
0.063873,0.056956
0.064022,0.056928
0.064171,0.05671
0.06432,0.056813
0.064469,0.05724
0.064618,0.057244
0.064767,0.057422
0.064916,0.057421
0.065064,0.057627
0.065213,0.057328
0.065362,0.05731
0.065511,0.057393
0.06566,0.057791
0.065809,0.057541
0.065958,0.057854
0.066107,0.057939
0.066256,0.058009
0.066404,0.058148
0.066553,0.058308
0.066702,0.058187
0.066851,0.058207
0.067,0.058393
0.067149,0.058505
0.067298,0.057974
0.067447,0.058536
0.067596,0.058623
0.067744,0.05899
0.067893,0.058224
0.068042,0.058471
0.068191,0.05841
0.06834,0.058447
0.068489,0.058873
0.068638,0.058758
0.068787,0.058652
0.068936,0.059055
0.069084,0.059041
0.069233,0.059271
0.069382,0.059331
0.069531,0.059135
0.06968,0.059122
0.069829,0.059295
0.069978,0.059473
0.070127,0.059307
0.070276,0.059215
0.070424,0.059473
0.070573,0.059449
0.070722,0.059669
0.070871,0.059358
0.07102,0.059641
0.071169,0.059987
0.071318,0.059972
0.071467,0.059563
0.071616,0.059852
0.071764,0.060038
0.071913,0.060108
0.072062,0.059761
0.072211,0.06036
0.07236,0.060402
0.072509,0.060014
0.072658,0.059999
0.072807,0.060526
0.072956,0.060491
0.073104,0.060711
0.073253,0.060282
0.073402,0.060427
0.073551,0.060233
0.0737,0.060471
0.073849,0.060198
0.073998,0.060362
0.074147,0.060559
0.074296,0.060659
0.074444,0.06044
0.074593,0.060923
0.074742,0.060757
0.074891,0.060755
0.07504,0.060476
0.075189,0.060702
0.075338,0.060814
0.075487,0.060901
0.075636,0.060821
0.075784,0.061141
0.075933,0.061015
0.076082,0.061209
0.076231,0.061218
0.07638,0.061455
0.076529,0.061207
0.076678,0.061424
0.076827,0.061355
0.076976,0.061515
0.077124,0.061537
0.077273,0.061899
0.077422,0.061387
0.077571,0.061745
0.07772,0.061817
0.077869,0.062095
0.078018,0.061463
0.078167,0.061885
0.078316,0.061889
0.078464,0.062129
0.078613,0.061858
0.078762,0.061957
0.078911,0.062278
0.07906,0.06238
0.079209,0.062189
0.079358,0.062307
0.079507,0.062652
0.079656,0.062347
0.079804,0.062214
0.079953,0.062445
0.080102,0.06255
0.080251,0.06236
0.0804,0.062459
0.080549,0.062739
0.080698,0.062687
0.080847,0.062806
0.080996,0.062411
0.081144,0.062716
0.081293,0.062843
0.081442,0.062993
0.081591,0.062295
0.08174,0.062647
0.081889,0.063138
0.082038,0.062911
0.082187,0.062727
0.082336,0.062857
0.082484,0.063153
0.082633,0.063039
0.082782,0.062818
0.082931,0.063012
0.08308,0.063262
0.083229,0.063264
0.083378,0.063205
0.083527,0.063435
0.083676,0.063448
0.083824,0.063348
0.083973,0.063331
0.084122,0.063306
0.084271,0.063311
0.08442,0.063703
0.084569,0.063438
0.084718,0.063652
0.084867,0.063838
0.085016,0.06383
0.085164,0.063173
0.085313,0.063695
0.085462,0.063925
0.085611,0.063638
0.08576,0.063572
0.085909,0.063708
0.086058,0.063795
0.086207,0.063826
0.086356,0.063687
0.086504,0.063924
0.086653,0.064094
0.086802,0.064049
0.086951,0.063868
0.0871,0.064076
0.087249,0.064144
0.087398,0.064071
0.087547,0.063935
0.087696,0.064032
0.087844,0.064259
0.087993,0.064399
0.088142,0.064219
0.088291,0.064205
0.08844,0.064248
0.088589,0.064624
0.088738,0.06446
0.088887,0.064468
0.089036,0.064639
0.089184,0.064609
0.089333,0.06461
0.089482,0.064703
0.089631,0.064654
0.08978,0.064648
0.089929,0.064664
0.090078,0.064864
0.090227,0.064626
0.090376,0.065076
0.090524,0.064587
0.090673,0.06481
0.090822,0.065049
0.090971,0.065235
0.09112,0.065005
0.091269,0.065089
0.091418,0.065201
0.091567,0.065567
0.091716,0.064806
0.091864,0.065198
0.092013,0.065137
0.092162,0.065458
0.092311,0.06499
0.09246,0.065116
0.092609,0.065043
0.092758,0.065481
0.092907,0.065019
0.093056,0.065448
0.093204,0.065037
0.093353,0.065422
0.093502,0.065121
0.093651,0.06571
0.0938,0.065566
0.093949,0.065746
0.094098,0.065537
0.094247,0.065716
0.094396,0.065565
0.094544,0.065668
0.094693,0.065761
0.094842,0.065923
0.094991,0.065826
0.09514,0.065954
0.095289,0.065723
0.095438,0.065711
0.095587,0.065863
0.095736,0.066101
0.095884,0.065839
0.096033,0.066007
0.096182,0.065917
0.096331,0.066158
0.09648,0.065752
0.096629,0.06609
0.096778,0.065929
0.096927,0.066149
0.097076,0.065972
0.097224,0.066277
0.097373,0.066152
0.097522,0.066519
0.097671,0.065753
0.09782,0.066284
0.097969,0.06612
0.098118,0.066501
0.098267,0.06641
0.098416,0.066493
0.098564,0.066214
0.098713,0.066295
0.098862,0.066448
0.099011,0.066549
0.09916,0.066376
0.099309,0.066469
0.099458,0.066213
0.099607,0.06641
0.099756,0.066614
0.099904,0.066471
0.10005,0.066233
0.1002,0.066868
0.10035,0.066709
0.1005,0.067149
0.10065,0.066816
0.1008,0.066807
0.10095,0.067038
0.1011,0.067059
0.10124,0.06685
0.10139,0.06723
0.10154,0.067175
0.10169,0.06692
0.10184,0.066703
0.10199,0.067175
0.10214,0.0672
0.10229,0.067563
0.10244,0.066917
0.10258,0.067104
0.10273,0.067208
0.10288,0.067366
0.10303,0.067027
0.10318,0.067425
0.10333,0.067263
0.10348,0.067557
0.10363,0.06758
0.10378,0.067566
0.10392,0.067611
0.10407,0.067586
0.10422,0.067299
0.10437,0.067363
0.10452,0.067482
0.10467,0.067462
0.10482,0.067489
0.10497,0.067616
0.10512,0.067531
0.10526,0.067397
0.10541,0.067675
0.10556,0.067539
0.10571,0.067878
0.10586,0.067768
0.10601,0.06763
0.10616,0.067532
0.10631,0.067939
0.10646,0.068154
0.1066,0.06773
0.10675,0.067885
0.1069,0.068054
0.10705,0.068022
0.1072,0.067694
0.10735,0.067931
0.1075,0.067865
0.10765,0.068293
0.1078,0.067817
0.10794,0.068063
0.10809,0.068238
0.10824,0.068304
0.10839,0.068094
0.10854,0.0683
0.10869,0.068302
0.10884,0.068404
0.10899,0.068188
0.10914,0.068171
0.10928,0.068238
0.10943,0.068529
0.10958,0.067975
0.10973,0.068189
0.10988,0.068356
0.11003,0.068322
0.11018,0.068275
0.11033,0.068652
0.11048,0.068324
0.11062,0.068366
0.11077,0.067958
0.11092,0.068474
0.11107,0.06875
0.11122,0.068346
0.11137,0.068344
0.11152,0.06837
0.11167,0.068456
0.11182,0.068664
0.11196,0.068318
0.11211,0.068473
0.11226,0.068799
0.11241,0.068711
0.11256,0.068234
0.11271,0.068764
0.11286,0.068564
0.11301,0.068836
0.11316,0.068498
0.1133,0.068798
0.11345,0.069035
0.1136,0.069369
0.11375,0.068632
0.1139,0.069013
0.11405,0.06918
0.1142,0.069332
0.11435,0.068793
0.1145,0.068901
0.11464,0.069116
0.11479,0.069037
0.11494,0.06892
0.11509,0.06932
0.11524,0.069041
0.11539,0.069319
0.11554,0.069121
0.11569,0.069055
0.11584,0.069314
0.11598,0.069256
0.11613,0.068911
0.11628,0.069204
0.11643,0.069458
0.11658,0.069363
0.11673,0.068987
0.11688,0.068952
0.11703,0.069171
0.11718,0.069458
0.11732,0.069226
0.11747,0.069488
0.11762,0.069486
0.11777,0.069291
0.11792,0.069347
0.11807,0.069642
0.11822,0.069333
0.11837,0.069789
0.11852,0.069338
0.11866,0.069567
0.11881,0.069566
0.11896,0.069725
0.11911,0.069335
0.11926,0.069679
0.11941,0.069517
0.11956,0.069702
0.11971,0.069441
0.11986,0.069501
0.12,0.069929
0.12015,0.069606
0.1203,0.069844
0.12045,0.06976
0.1206,0.070038
0.12075,0.070258
0.1209,0.069944
0.12105,0.069967
0.1212,0.069969
0.12134,0.070116
0.12149,0.070094
0.12164,0.070068
0.12179,0.070444
0.12194,0.070373
0.12209,0.07012
0.12224,0.070394
0.12239,0.070308
0.12254,0.070519
0.12268,0.069961
0.12283,0.070353
0.12298,0.070395
0.12313,0.070195
0.12328,0.069889
0.12343,0.0704
0.12358,0.070372
0.12373,0.070134
0.12388,0.070023
0.12402,0.070207
0.12417,0.070266
0.12432,0.070286
0.12447,0.070286
0.12462,0.070244
0.12477,0.070429
0.12492,0.070246
0.12507,0.070021
0.12522,0.070356
0.12536,0.070518
0.12551,0.070374
0.12566,0.070207
0.12581,0.070305
0.12596,0.070353
0.12611,0.070656
0.12626,0.070469
0.12641,0.070644
0.12656,0.070813
0.1267,0.070692
0.12685,0.0704
0.127,0.070746
0.12715,0.070656
0.1273,0.070861
0.12745,0.070508
0.1276,0.070679
0.12775,0.070684
0.1279,0.070843
0.12804,0.070305
0.12819,0.070722
0.12834,0.070774
0.12849,0.071123
0.12864,0.070544
0.12879,0.070923
0.12894,0.070883
0.12909,0.071166
0.12924,0.070605
0.12938,0.070665
0.12953,0.071158
0.12968,0.071043
0.12983,0.071064
0.12998,0.071175
0.13013,0.071363
0.13028,0.071034
0.13043,0.070775
0.13058,0.070888
0.13072,0.071253
0.13087,0.071182
0.13102,0.0711
0.13117,0.071295
0.13132,0.071487
0.13147,0.071378
0.13162,0.070757
0.13177,0.071363
0.13192,0.071137
0.13206,0.071381
0.13221,0.070934
0.13236,0.071132
0.13251,0.071289
0.13266,0.071218
0.13281,0.071085
0.13296,0.07119
0.13311,0.070946
0.13326,0.071597
0.1334,0.071256
0.13355,0.071283
0.1337,0.071471
0.13385,0.071853
0.134,0.071172
0.13415,0.071607
0.1343,0.071587
0.13445,0.071437
0.1346,0.071636
0.13474,0.071456
0.13489,0.071564
0.13504,0.07167
0.13519,0.07144
0.13534,0.071598
0.13549,0.07146
0.13564,0.071647
0.13579,0.071258
0.13594,0.071261
0.13608,0.071642
0.13623,0.071502
0.13638,0.07141
0.13653,0.071411
0.13668,0.07168
0.13683,0.07158
0.13698,0.071518
0.13713,0.071808
0.13728,0.071633
0.13742,0.071991
0.13757,0.071253
0.13772,0.072139
0.13787,0.071893
0.13802,0.071709
0.13817,0.07131
0.13832,0.071983
0.13847,0.071844
0.13862,0.071751
0.13876,0.071723
0.13891,0.071839
0.13906,0.071885
0.13921,0.071739
0.13936,0.0715
0.13951,0.071864
0.13966,0.071835
0.13981,0.072063
0.13996,0.071307
0.1401,0.071902
0.14025,0.071873
0.1404,0.072025
0.14055,0.071657
0.1407,0.071709
0.14085,0.071679
0.141,0.071979
0.14115,0.071654
0.1413,0.071959
0.14144,0.072239
0.14159,0.071993
0.14174,0.071771
0.14189,0.071669
0.14204,0.071923
0.14219,0.072154
0.14234,0.071914
0.14249,0.07216
0.14264,0.072
0.14278,0.072054
0.14293,0.071991
0.14308,0.072365
0.14323,0.072404
0.14338,0.072091
0.14353,0.072107
0.14368,0.072278
0.14383,0.072151
0.14398,0.072598
0.14412,0.072216
0.14427,0.072387
0.14442,0.072566
0.14457,0.072397
0.14472,0.072367
0.14487,0.072458
0.14502,0.072486
0.14517,0.072524
0.14532,0.072394
0.14546,0.072489
0.14561,0.07234
0.14576,0.072588
0.14591,0.072188
0.14606,0.072325
0.14621,0.072665
0.14636,0.07294
0.14651,0.072609
0.14666,0.07234
0.1468,0.072437
0.14695,0.072562
0.1471,0.072266
0.14725,0.07244
0.1474,0.072629
0.14755,0.072965
0.1477,0.072546
0.14785,0.072689
0.148,0.072836
0.14814,0.073072
0.14829,0.072618
0.14844,0.073046
0.14859,0.072877
0.14874,0.072757
0.14889,0.072706
0.14904,0.07251
0.14919,0.072916
0.14934,0.072979
0.14948,0.072511
0.14963,0.072524
0.14978,0.072855
0.14993,0.072881
0.15008,0.072684
0.15023,0.073133
0.15038,0.073295
0.15053,0.073176
0.15068,0.073071
0.15082,0.07331
0.15097,0.073421
0.15112,0.073375
0.15127,0.073147
0.15142,0.073164
0.15157,0.073175
0.15172,0.07325
0.15187,0.072924
0.15202,0.073213
0.15216,0.073197
0.15231,0.073323
0.15246,0.073036
0.15261,0.073228
0.15276,0.072929
0.15291,0.073236
0.15306,0.072653
0.15321,0.073059
0.15336,0.07327
0.1535,0.073421
0.15365,0.073355
0.1538,0.07319
0.15395,0.073132
0.1541,0.07329
0.15425,0.073224
0.1544,0.073355
0.15455,0.073197
0.1547,0.073543
0.15484,0.073255
0.15499,0.07324
0.15514,0.073564
0.15529,0.073424
0.15544,0.073199
0.15559,0.073274
0.15574,0.073497
0.15589,0.073515
0.15604,0.073075
0.15618,0.073041
0.15633,0.073199
0.15648,0.073311
0.15663,0.073235
0.15678,0.073629
0.15693,0.073463
0.15708,0.073521
0.15723,0.073433
0.15738,0.073334
0.15752,0.07336
0.15767,0.073341
0.15782,0.073544
0.15797,0.073898
0.15812,0.07364
0.15827,0.073876
0.15842,0.073182
0.15857,0.073543
0.15872,0.073716
0.15886,0.073518
0.15901,0.073221
0.15916,0.073306
0.15931,0.073772
0.15946,0.074321
0.15961,0.073728
0.15976,0.073614
0.15991,0.073799
0.16006,0.073967
0.1602,0.073404
0.16035,0.073818
0.1605,0.073601
0.16065,0.074058
0.1608,0.073493
0.16095,0.073912
0.1611,0.07393
0.16125,0.073675
0.1614,0.073781
0.16154,0.074162
0.16169,0.073815
0.16184,0.073975
0.16199,0.073799
0.16214,0.073972
0.16229,0.074061
0.16244,0.07421
0.16259,0.073741
0.16274,0.074029
0.16288,0.073914
0.16303,0.07406
0.16318,0.073815
0.16333,0.074127
0.16348,0.074119
0.16363,0.073992
0.16378,0.073715
0.16393,0.07413
0.16408,0.074004
0.16422,0.07421
0.16437,0.073371
0.16452,0.073708
0.16467,0.073831
0.16482,0.073887
0.16497,0.073962
0.16512,0.074207
0.16527,0.07431
0.16542,0.074324
0.16556,0.073719
0.16571,0.074132
0.16586,0.074126
0.16601,0.074164
0.16616,0.074093
0.16631,0.074496
0.16646,0.074504
0.16661,0.074578
0.16676,0.074202
0.1669,0.07425
0.16705,0.074444
0.1672,0.074578
0.16735,0.07405
0.1675,0.074131
0.16765,0.074176
0.1678,0.074539
0.16795,0.0743
0.1681,0.074184
0.16824,0.074423
0.16839,0.074559
0.16854,0.074172
0.16869,0.074245
0.16884,0.074556
0.16899,0.074712
0.16914,0.07422
0.16929,0.074471
0.16944,0.074687
0.16958,0.07451
0.16973,0.074387
0.16988,0.074769
0.17003,0.074531
0.17018,0.074512
0.17033,0.074453
0.17048,0.074477
0.17063,0.074564
0.17078,0.074712
0.17092,0.074327
0.17107,0.074514
0.17122,0.074721
0.17137,0.074742
0.17152,0.074557
0.17167,0.0747
0.17182,0.074778
0.17197,0.074691
0.17212,0.074408
0.17226,0.07418
0.17241,0.074774
0.17256,0.074876
0.17271,0.074486
0.17286,0.074627
0.17301,0.074671
0.17316,0.074829
0.17331,0.074441
0.17346,0.074543
0.1736,0.074675
0.17375,0.074661
0.1739,0.074619
0.17405,0.07443
0.1742,0.07446
0.17435,0.074632
0.1745,0.074429
0.17465,0.074667
0.1748,0.074776
0.17494,0.074504
0.17509,0.074298
0.17524,0.074535
0.17539,0.074845
0.17554,0.074574
0.17569,0.074558
0.17584,0.074789
0.17599,0.075058
0.17614,0.074659
0.17628,0.074403
0.17643,0.074895
0.17658,0.075071
0.17673,0.075034
0.17688,0.074626
0.17703,0.074402
0.17718,0.074568
0.17733,0.074571
0.17748,0.074716
0.17762,0.074847
0.17777,0.075128
0.17792,0.075094
0.17807,0.074801
0.17822,0.074891
0.17837,0.074921
0.17852,0.074968
0.17867,0.074733
0.17882,0.075099
0.17896,0.074951
0.17911,0.075106
0.17926,0.074832
0.17941,0.075076
0.17956,0.074741
0.17971,0.074903
0.17986,0.074724
0.18001,0.07509
0.18016,0.075104
0.1803,0.075346
0.18045,0.075044
0.1806,0.075388
0.18075,0.075391
0.1809,0.075156
0.18105,0.075168
0.1812,0.075001
0.18135,0.075041
0.1815,0.074937
0.18164,0.075049
0.18179,0.075342
0.18194,0.075278
0.18209,0.075302
0.18224,0.0749
0.18239,0.075179
0.18254,0.074987
0.18269,0.075357
0.18284,0.075197
0.18298,0.075779
0.18313,0.075427
0.18328,0.075331
0.18343,0.075341
0.18358,0.075447
0.18373,0.07559
0.18388,0.075607
0.18403,0.075499
0.18418,0.075617
0.18432,0.075359
0.18447,0.075374
0.18462,0.075199
0.18477,0.075322
0.18492,0.075479
0.18507,0.075373
0.18522,0.075023
0.18537,0.075393
0.18552,0.07569
0.18566,0.075191
0.18581,0.074923
0.18596,0.075284
0.18611,0.075407
0.18626,0.075272
0.18641,0.075453
0.18656,0.075241
0.18671,0.075147
0.18686,0.075235
0.187,0.075352
0.18715,0.075382
0.1873,0.07509
0.18745,0.075305
0.1876,0.074961
0.18775,0.075182
0.1879,0.075475
0.18805,0.074996
0.1882,0.074991
0.18834,0.075283
0.18849,0.075384
0.18864,0.075581
0.18879,0.075578
0.18894,0.075474
0.18909,0.075851
0.18924,0.075645
0.18939,0.075108
0.18954,0.075542
0.18968,0.075649
0.18983,0.07568
0.18998,0.075334
0.19013,0.075641
0.19028,0.07585
0.19043,0.075721
0.19058,0.075422
0.19073,0.075522
0.19088,0.07574
0.19102,0.076067
0.19117,0.075556
0.19132,0.075732
0.19147,0.0759
0.19162,0.075517
0.19177,0.075624
0.19192,0.075737
0.19207,0.075568
0.19222,0.075641
0.19236,0.075442
0.19251,0.075779
0.19266,0.075599
0.19281,0.075931
0.19296,0.075798
0.19311,0.075906
0.19326,0.075884
0.19341,0.076181
0.19356,0.075838
0.1937,0.076052
0.19385,0.076268
0.194,0.076438
0.19415,0.075763
0.1943,0.076355
0.19445,0.075843
0.1946,0.075814
0.19475,0.07594
0.1949,0.076275
0.19504,0.076333
0.19519,0.076367
0.19534,0.075785
0.19549,0.076088
0.19564,0.075848
0.19579,0.075815
0.19594,0.075475
0.19609,0.075852
0.19624,0.075927
0.19638,0.075977
0.19653,0.075569
0.19668,0.076153
0.19683,0.076237
0.19698,0.076285
0.19713,0.075978
0.19728,0.076295
0.19743,0.07619
0.19758,0.076079
0.19772,0.075931
0.19787,0.076228
0.19802,0.076127
0.19817,0.076284
0.19832,0.076144
0.19847,0.076552
0.19862,0.076442
0.19877,0.076362
0.19892,0.076172
0.19906,0.076518
0.19921,0.076454
0.19936,0.076465
0.19951,0.076213
0.19966,0.076449
0.19981,0.076371
0.19996,0.07631
0.20011,0.076175
0.20026,0.076628
0.2004,0.076359
0.20055,0.076652
0.2007,0.076388
0.20085,0.076424
0.201,0.076618
0.20115,0.076608
0.2013,0.076246
0.20145,0.07661
0.2016,0.07618
0.20174,0.076513
0.20189,0.07613
0.20204,0.076131
0.20219,0.076416
0.20234,0.076507
0.20249,0.076218
0.20264,0.076403
0.20279,0.076564
0.20294,0.076554
0.20308,0.076205
0.20323,0.076255
0.20338,0.07659
0.20353,0.076502
0.20368,0.076538
0.20383,0.076656
0.20398,0.076613
0.20413,0.076835
0.20428,0.076634
0.20442,0.076476
0.20457,0.076591
0.20472,0.076905
0.20487,0.076439
0.20502,0.076672
0.20517,0.076758
0.20532,0.07691
0.20547,0.076961
0.20562,0.076758
0.20576,0.076944
0.20591,0.077133
0.20606,0.076518
0.20621,0.076845
0.20636,0.076621
0.20651,0.076786
0.20666,0.076569
0.20681,0.077154
0.20696,0.07705
0.2071,0.076953
0.20725,0.076869
0.2074,0.077096
0.20755,0.077272
0.2077,0.077079
0.20785,0.076738
0.208,0.077018
0.20815,0.077384
0.2083,0.077168
0.20844,0.076945
0.20859,0.077301
0.20874,0.07707
0.20889,0.077193
0.20904,0.076932
0.20919,0.077355
0.20934,0.077013
0.20949,0.076948
0.20964,0.076726
0.20978,0.077142
0.20993,0.077472
0.21008,0.077089
0.21023,0.077141
0.21038,0.07683
0.21053,0.077261
0.21068,0.077301
0.21083,0.076934
0.21098,0.077327
0.21112,0.077023
0.21127,0.077141
0.21142,0.077011
0.21157,0.077009
0.21172,0.077816
0.21187,0.077633
0.21202,0.077292
0.21217,0.077255
0.21232,0.077457
0.21246,0.077413
0.21261,0.077208
0.21276,0.077141
0.21291,0.077239
0.21306,0.077438
0.21321,0.07723
0.21336,0.077433
0.21351,0.07764
0.21366,0.077329
0.2138,0.077405
0.21395,0.077741
0.2141,0.077655
0.21425,0.077662
0.2144,0.077123
0.21455,0.077436
0.2147,0.077512
0.21485,0.077658
0.215,0.077217
0.21514,0.077535
0.21529,0.077573
0.21544,0.077703
0.21559,0.077411
0.21574,0.077706
0.21589,0.077829
0.21604,0.077455
0.21619,0.077548
0.21634,0.077698
0.21648,0.077729
0.21663,0.078014
0.21678,0.07777
0.21693,0.077542
0.21708,0.077749
0.21723,0.077689
0.21738,0.077617
0.21753,0.078046
0.21768,0.077599
0.21782,0.077814
0.21797,0.07761
0.21812,0.077916
0.21827,0.077968
0.21842,0.077901
0.21857,0.077369
0.21872,0.07781
0.21887,0.077878
0.21902,0.077863
0.21916,0.077751
0.21931,0.078097
0.21946,0.077995
0.21961,0.078199
0.21976,0.077675
0.21991,0.078091
0.22006,0.078134
0.22021,0.078242
0.22036,0.078039
0.2205,0.077874
0.22065,0.078211
0.2208,0.078156
0.22095,0.077819
0.2211,0.078047
0.22125,0.077915
0.2214,0.078149
0.22155,0.07789
0.2217,0.078096
0.22184,0.078193
0.22199,0.078048
0.22214,0.077882
0.22229,0.077812
0.22244,0.077997
0.22259,0.07797
0.22274,0.078005
0.22289,0.077926
0.22304,0.078016
0.22318,0.07808
0.22333,0.077948
0.22348,0.077986
0.22363,0.077846
0.22378,0.07828
0.22393,0.077899
0.22408,0.0782
0.22423,0.077968
0.22438,0.078039
0.22452,0.077938
0.22467,0.077964
0.22482,0.07844
0.22497,0.078354
0.22512,0.078332
0.22527,0.078615
0.22542,0.078777
0.22557,0.078579
0.22572,0.07809
0.22586,0.077988
0.22601,0.078195
0.22616,0.078523
0.22631,0.078076
0.22646,0.078017
0.22661,0.078345
0.22676,0.078019
0.22691,0.077905
0.22706,0.078087
0.2272,0.078422
0.22735,0.078035
0.2275,0.077856
0.22765,0.077909
0.2278,0.078301
0.22795,0.078388
0.2281,0.078292
0.22825,0.078506
0.2284,0.078245
0.22854,0.07837
0.22869,0.078313
0.22884,0.078368
0.22899,0.078424
0.22914,0.078672
0.22929,0.078329
0.22944,0.078161
0.22959,0.078492
0.22974,0.078246
0.22988,0.078199
0.23003,0.07852
0.23018,0.078708
0.23033,0.078612
0.23048,0.078171
0.23063,0.078217
0.23078,0.078581
0.23093,0.078698
0.23108,0.078357
0.23122,0.078589
0.23137,0.078507
0.23152,0.0785
0.23167,0.078294
0.23182,0.078422
0.23197,0.078392
0.23212,0.078532
0.23227,0.078202
0.23242,0.078436
0.23256,0.078721
0.23271,0.078688
0.23286,0.078544
0.23301,0.078597
0.23316,0.078286
0.23331,0.078604
0.23346,0.078325
0.23361,0.078642
0.23376,0.078882
0.2339,0.078669
0.23405,0.07856
0.2342,0.078684
0.23435,0.078665
0.2345,0.078564
0.23465,0.078595
0.2348,0.078601
0.23495,0.078859
0.2351,0.078972
0.23524,0.078545
0.23539,0.078982
0.23554,0.078822
0.23569,0.078839
0.23584,0.078531
0.23599,0.078447
0.23614,0.078622
0.23629,0.078626
0.23644,0.078523
0.23658,0.078678
0.23673,0.078782
0.23688,0.078559
0.23703,0.078714
0.23718,0.078812
0.23733,0.078907
0.23748,0.078572
0.23763,0.078696
0.23778,0.078872
0.23792,0.078872
0.23807,0.078657
0.23822,0.078736
0.23837,0.078703
0.23852,0.078981
0.23867,0.078993
0.23882,0.078633
0.23897,0.07902
0.23912,0.079066
0.23926,0.078874
0.23941,0.078558
0.23956,0.078886
0.23971,0.079061
0.23986,0.079023
0.24001,0.078663
0.24016,0.078878
0.24031,0.079186
0.24046,0.07905
0.2406,0.078875
0.24075,0.078916
0.2409,0.079134
0.24105,0.079203
0.2412,0.078819
0.24135,0.078984
0.2415,0.079121
0.24165,0.079255
0.2418,0.078887
0.24194,0.079111
0.24209,0.079111
0.24224,0.079251
0.24239,0.079015
0.24254,0.079101
0.24269,0.079251
0.24284,0.079393
0.24299,0.079017
0.24314,0.079419
0.24328,0.079513
0.24343,0.079392
0.24358,0.079124
0.24373,0.079477
0.24388,0.079415
0.24403,0.079748
0.24418,0.079265
0.24433,0.079736
0.24448,0.07947
0.24462,0.079418
0.24477,0.079365
0.24492,0.079579
0.24507,0.079558
0.24522,0.079377
0.24537,0.079239
0.24552,0.079396
0.24567,0.079394
0.24582,0.079343
0.24596,0.078976
0.24611,0.07931
0.24626,0.079343
0.24641,0.079276
0.24656,0.079093
0.24671,0.079504
0.24686,0.079635
0.24701,0.079593
0.24716,0.07953
0.2473,0.079769
0.24745,0.07976
0.2476,0.07993
0.24775,0.079546
0.2479,0.079654
0.24805,0.079811
0.2482,0.079785
0.24835,0.079661
0.2485,0.079619
0.24864,0.080022
0.24879,0.079535
0.24894,0.079513
0.24909,0.079502
0.24924,0.079995
0.24939,0.079773
0.24954,0.079684
0.24969,0.079749
0.24984,0.079772
0.24998,0.079738
0.25013,0.079725
0.25028,0.079651
0.25043,0.079914
0.25058,0.079755
0.25073,0.079586
0.25088,0.080046
0.25103,0.079911
0.25118,0.079859
0.25132,0.079789
0.25147,0.07999
0.25162,0.07986
0.25177,0.079987
0.25192,0.079955
0.25207,0.079694
0.25222,0.079516
0.25237,0.080165
0.25252,0.07965
0.25266,0.080037
0.25281,0.079921
0.25296,0.079744
0.25311,0.079864
0.25326,0.079879
0.25341,0.079902
0.25356,0.08022
0.25371,0.079992
0.25386,0.07996
0.254,0.080109
0.25415,0.080159
0.2543,0.080117
0.25445,0.080534
0.2546,0.079983
0.25475,0.08033
0.2549,0.080078
0.25505,0.080127
0.2552,0.080375
0.25534,0.080519
0.25549,0.080016
0.25564,0.080194
0.25579,0.080461
0.25594,0.080058
0.25609,0.07967
0.25624,0.080204
0.25639,0.080302
0.25654,0.080082
0.25668,0.080234
0.25683,0.080288
0.25698,0.080684
0.25713,0.080328
0.25728,0.080282
0.25743,0.080455
0.25758,0.080557
0.25773,0.080611
0.25788,0.080148
0.25802,0.080437
0.25817,0.080235
0.25832,0.080177
0.25847,0.080133
0.25862,0.080125
0.25877,0.08025
0.25892,0.080333
0.25907,0.079762
0.25922,0.080296
0.25936,0.080391
0.25951,0.080372
0.25966,0.079922
0.25981,0.080103
0.25996,0.079995
0.26011,0.080499
0.26026,0.080107
0.26041,0.079934
0.26056,0.08023
0.2607,0.08046
0.26085,0.079916
0.261,0.080262
0.26115,0.080476
0.2613,0.080621
0.26145,0.08019
0.2616,0.080327
0.26175,0.080592
0.2619,0.080659
0.26204,0.080133
0.26219,0.080257
0.26234,0.080576
0.26249,0.080798
0.26264,0.080546
0.26279,0.080804
0.26294,0.080719
0.26309,0.080579
0.26324,0.08054
0.26338,0.080641
0.26353,0.080574
0.26368,0.080633
0.26383,0.080276
0.26398,0.080564
0.26413,0.080748
0.26428,0.080635
0.26443,0.080212
0.26458,0.080455
0.26472,0.080732
0.26487,0.080668
0.26502,0.080721
0.26517,0.080752
0.26532,0.081011
0.26547,0.081
0.26562,0.080796
0.26577,0.080843
0.26592,0.08113
0.26606,0.080853
0.26621,0.080388
0.26636,0.080749
0.26651,0.080738
0.26666,0.081218
0.26681,0.080548
0.26696,0.081138
0.26711,0.081094
0.26726,0.08118
0.2674,0.080629
0.26755,0.080878
0.2677,0.08078
0.26785,0.081102
0.268,0.081133
0.26815,0.080999
0.2683,0.081016
0.26845,0.080933
0.2686,0.080605
0.26874,0.080878
0.26889,0.080925
0.26904,0.080563
0.26919,0.080512
0.26934,0.080969
0.26949,0.080845
0.26964,0.080857
0.26979,0.080808
0.26994,0.081128
0.27008,0.081024
0.27023,0.081378
0.27038,0.08121
0.27053,0.081335
0.27068,0.081255
0.27083,0.081315
0.27098,0.080874
0.27113,0.081085
0.27128,0.081071
0.27142,0.081488
0.27157,0.080892
0.27172,0.081222
0.27187,0.081506
0.27202,0.081177
0.27217,0.080712
0.27232,0.080921
0.27247,0.080895
0.27262,0.081133
0.27276,0.081092
0.27291,0.081383
0.27306,0.081334
0.27321,0.081101
0.27336,0.081288
0.27351,0.081535
0.27366,0.081443
0.27381,0.081327
0.27396,0.081182
0.2741,0.081292
0.27425,0.081284
0.2744,0.081732
0.27455,0.080974
0.2747,0.081286
0.27485,0.081248
0.275,0.08135
0.27515,0.081191
0.2753,0.081348
0.27544,0.081482
0.27559,0.081607
0.27574,0.080999
0.27589,0.081307
0.27604,0.081167
0.27619,0.081318
0.27634,0.081107
0.27649,0.08113
0.27664,0.08158
0.27678,0.081561
0.27693,0.081267
0.27708,0.08136
0.27723,0.081692
0.27738,0.081901
0.27753,0.081563
0.27768,0.081613
0.27783,0.081993
0.27798,0.081662
0.27812,0.081268
0.27827,0.081635
0.27842,0.08162
0.27857,0.081936
0.27872,0.081749
0.27887,0.081635
0.27902,0.081898
0.27917,0.081766
0.27932,0.081519
0.27946,0.081589
0.27961,0.081506
0.27976,0.081752
0.27991,0.081484
0.28006,0.081603
0.28021,0.082043
0.28036,0.081857
0.28051,0.081471
0.28066,0.081692
0.2808,0.081782
0.28095,0.081749
0.2811,0.081505
0.28125,0.081657
0.2814,0.081975
0.28155,0.08182
0.2817,0.08148
0.28185,0.082022
0.282,0.082059
0.28214,0.081891
0.28229,0.081732
0.28244,0.081991
0.28259,0.082037
0.28274,0.082111
0.28289,0.081931
0.28304,0.081856
0.28319,0.081913
0.28334,0.082238
0.28348,0.081636
0.28363,0.081701
0.28378,0.081945
0.28393,0.081666
0.28408,0.081718
0.28423,0.081742
0.28438,0.081992
0.28453,0.081604
0.28468,0.081729
0.28482,0.081987
0.28497,0.081734
0.28512,0.082249
0.28527,0.081615
0.28542,0.081795
0.28557,0.082133
0.28572,0.082117
0.28587,0.081815
0.28602,0.082146
0.28616,0.082641
0.28631,0.082455
0.28646,0.082152
0.28661,0.082078
0.28676,0.082113
0.28691,0.08237
0.28706,0.081881
0.28721,0.082446
0.28736,0.082307
0.2875,0.082467
0.28765,0.081845
0.2878,0.082252
0.28795,0.082184
0.2881,0.082
0.28825,0.082107
0.2884,0.082498
0.28855,0.082626
0.2887,0.082305
0.28884,0.082074
0.28899,0.082161
0.28914,0.08241
0.28929,0.082356
0.28944,0.08192
0.28959,0.082368
0.28974,0.082562
0.28989,0.082545
0.29004,0.081975
0.29018,0.082326
0.29033,0.082128
0.29048,0.082381
0.29063,0.082084
0.29078,0.081945
0.29093,0.081835
0.29108,0.082211
0.29123,0.081894
0.29138,0.08205
0.29152,0.082322
0.29167,0.082236
0.29182,0.081827
0.29197,0.082294
0.29212,0.082432
0.29227,0.082511
0.29242,0.081864
0.29257,0.082123
0.29272,0.082325
0.29286,0.08253
0.29301,0.08235
0.29316,0.08237
0.29331,0.082845
0.29346,0.082439
0.29361,0.082509
0.29376,0.082527
0.29391,0.082489
0.29406,0.082644
0.2942,0.082445
0.29435,0.082566
0.2945,0.082912
0.29465,0.082981
0.2948,0.082501
0.29495,0.082634
0.2951,0.082633
0.29525,0.08294
0.2954,0.082733
0.29554,0.082832
0.29569,0.082845
0.29584,0.083067
0.29599,0.08252
0.29614,0.082687
0.29629,0.082814
0.29644,0.082707
0.29659,0.082564
0.29674,0.082686
0.29688,0.082713
0.29703,0.083024
0.29718,0.082567
0.29733,0.082794
0.29748,0.083218
0.29763,0.082927
0.29778,0.082418
0.29793,0.082894
0.29808,0.082859
0.29822,0.082887
0.29837,0.082825
0.29852,0.082953
0.29867,0.082907
0.29882,0.083134
0.29897,0.082851
0.29912,0.082985
0.29927,0.082839
0.29942,0.083376
0.29956,0.08294
0.29971,0.083219
0.29986,0.083107
0.30001,0.082998
0.30016,0.082921
0.30031,0.083549
0.30046,0.083165
0.30061,0.08309
0.30076,0.08315
0.3009,0.083316
0.30105,0.08351
0.3012,0.083658
0.30135,0.083032
0.3015,0.083059
0.30165,0.083712
0.3018,0.083738
