t (s), WC (mm), RC (mm), Rf (mm)
46.333,2.4949,5.6819,8.1854
46.5,2.5099,5.6976,8.2017
46.667,2.5292,5.7088,8.2172
46.833,2.5412,5.7153,8.2332
47,2.5589,5.7181,8.2495
47.167,2.5744,5.7307,8.2659
47.333,2.5925,5.7544,8.2826
47.5,2.6085,5.7528,8.2995
47.667,2.6242,5.7848,8.315
47.833,2.6394,5.8002,8.3312
48,2.6536,5.8056,8.3449
48.167,2.6687,5.8299,8.3627
48.333,2.6862,5.8178,8.378
48.5,2.7028,5.8432,8.3924
48.667,2.7152,5.8496,8.4089
48.833,2.7324,5.8569,8.4249
49,2.7474,5.9011,8.4413
49.167,2.7639,5.9013,8.4576
49.333,2.7797,5.916,8.4723
49.5,2.7978,5.938,8.4885
49.667,2.8129,5.9592,8.5042
49.833,2.8281,5.9463,8.521
50,2.8426,5.9719,8.5366
50.167,2.8614,6.0207,8.5521
50.333,2.8758,6.0159,8.5663
50.5,2.8944,6.0547,8.5747
50.667,2.9068,6.0305,8.5978
50.833,2.9244,6.0488,8.6049
51,2.9361,6.0951,8.6282
51.167,2.9531,6.1087,8.6347
51.333,2.9695,6.1202,8.6598
51.5,2.9835,6.1422,8.675
51.667,2.9999,6.1368,8.682
51.833,3.0163,6.1711,8.706
52,3.0292,6.1858,8.7207
52.167,3.0455,6.2054,8.7356
52.333,3.0618,6.2075,8.7507
52.5,3.0753,6.2319,8.7652
52.667,3.0923,6.2679,8.7795
52.833,3.1083,6.2784,8.7948
53,3.1221,6.3146,8.8097
53.167,3.1376,6.3346,8.825
53.333,3.1528,6.3565,8.8399
53.5,3.1672,6.3569,8.8545
53.667,3.1792,6.3604,8.8704
53.833,3.1947,6.4008,8.8845
54,3.2098,6.4333,8.8978
54.167,3.228,6.4341,8.9141
54.333,3.2431,6.4723,8.9278
54.5,3.2563,6.4646,8.9428
54.667,3.2707,6.5104,8.9568
54.833,3.2844,6.5076,8.9717
55,3.2983,6.5259,8.9847
55.167,3.3111,6.5405,8.9989
55.333,3.3271,6.5806,9.0127
55.5,3.3405,6.5824,9.0268
55.667,3.3543,6.6153,9.0397
55.833,3.3694,6.6168,9.0542
56,3.382,6.6759,9.0664
56.167,3.3945,6.6676,9.0826
56.333,3.4092,6.6682,9.0962
56.5,3.4263,6.7171,9.1096
56.667,3.4415,6.7314,9.1236
56.833,3.4546,6.7311,9.1377
57,3.4684,6.7454,9.1521
57.167,3.4832,6.7653,9.1663
57.333,3.4968,6.7929,9.1785
57.5,3.513,6.8253,9.1936
57.667,3.5266,6.8302,9.2092
57.833,3.54,6.8719,9.2232
58,3.5556,6.8711,9.2372
58.167,3.5673,6.9036,9.2532
58.333,3.5821,6.9001,9.2671
58.5,3.5965,6.9394,9.2816
58.667,3.6125,6.9552,9.2948
58.833,3.6282,6.9788,9.3098
59,3.6436,6.9904,9.3243
59.167,3.6591,7.0364,9.3387
59.333,3.6709,7.0486,9.3524
59.5,3.6864,7.0413,9.3671
59.667,3.6989,7.0509,9.3812
59.833,3.7141,7.0853,9.3965
60,3.7276,7.108,9.4184
60.167,3.7441,7.1146,9.4335
60.333,3.7584,7.1247,9.4472
60.5,3.7714,7.1552,9.4623
60.667,3.7872,7.1958,9.4741
60.833,3.7994,7.1742,9.4889
61,3.8142,7.2207,9.5027
61.167,3.8266,7.2224,9.517
61.333,3.8414,7.2411,9.5305
61.5,3.8556,7.2709,9.5442
61.667,3.8676,7.2744,9.5593
61.833,3.8836,7.2746,9.5721
62,3.8965,7.293,9.5862
62.167,3.9121,7.3295,9.6008
62.333,3.9241,7.3511,9.6142
62.5,3.94,7.3645,9.6294
62.667,3.9546,7.4129,9.6424
62.833,3.9687,7.3984,9.6566
63,3.983,7.4296,9.6699
63.167,3.9972,7.4554,9.6838
63.333,4.0099,7.4646,9.6974
63.5,4.026,7.4686,9.7126
63.667,4.0414,7.51,9.7256
63.833,4.0542,7.4919,9.7401
64,4.0663,7.5319,9.754
64.167,4.0821,7.557,9.7677
64.333,4.0941,7.5684,9.7818
64.5,4.1092,7.5947,9.7964
64.667,4.1245,7.579,9.809
64.833,4.1351,7.6268,9.8215
65,4.1484,7.6342,9.8357
65.167,4.1625,7.6563,9.8505
65.333,4.1766,7.676,9.8641
65.5,4.1906,7.6894,9.8767
65.667,4.2064,7.7067,9.8899
65.833,4.2193,7.742,9.9043
66,4.2317,7.7472,9.9176
66.167,4.2463,7.7729,9.9312
66.333,4.2599,7.7563,9.9443
66.5,4.2704,7.7887,9.9574
66.667,4.2836,7.802,9.9701
66.833,4.2978,7.8095,9.9819
67,4.31,7.8462,9.9957
67.167,4.3187,7.8352,10.008
67.333,4.3303,7.8934,10.019
67.5,4.3452,7.8627,10.032
67.667,4.3575,7.8999,10.044
67.833,4.3677,7.903,10.066
68,4.3819,7.9295,10.078
68.167,4.3931,7.9454,10.09
68.333,4.4059,7.9599,10.103
68.5,4.422,7.9625,10.114
68.667,4.4302,8.0037,10.127
68.833,4.4444,8.0161,10.14
69,4.4556,8.0116,10.152
69.167,4.4729,8.0397,10.165
69.333,4.4822,8.068,10.177
69.5,4.4959,8.0497,10.191
69.667,4.5048,8.0886,10.203
69.833,4.5167,8.0903,10.215
70,4.5277,8.0955,10.228
70.167,4.5379,8.1402,10.24
70.333,4.5501,8.1315,10.253
70.5,4.5567,8.1496,10.266
70.667,4.5704,8.1989,10.279
70.833,4.5782,8.1625,10.291
71,4.5825,8.2073,10.304
71.167,4.5906,8.2185,10.316
71.333,4.6017,8.2328,10.33
71.5,4.6078,8.2399,10.343
71.667,4.6112,8.2606,10.357
71.833,4.6205,8.2832,10.371
72,4.6267,8.285,10.383
72.167,4.6307,8.3351,10.396
72.333,4.629,8.3271,10.408
72.5,4.6374,8.3675,10.422
72.667,4.6434,8.3782,10.434
72.833,4.6523,8.3865,10.447
73,4.6524,8.4004,10.459
73.167,4.6574,8.4163,10.472
73.333,4.6591,8.4245,10.484
73.5,4.6697,8.4465,10.497
73.667,4.667,8.4646,10.51
73.833,4.6746,8.4703,10.522
74,4.6802,8.4982,10.535
74.167,4.6798,8.518,10.547
74.333,4.682,8.5139,10.56
74.5,4.6806,8.5427,10.574
74.667,4.6835,8.5406,10.585
74.833,4.6865,8.574,10.598
75,4.692,8.5861,10.61
75.167,4.693,8.6029,10.623
75.333,4.6891,8.6261,10.634
75.5,4.6979,8.6409,10.649
75.667,4.6994,8.6499,10.661
75.833,4.6966,8.6607,10.674
76,4.702,8.6869,10.685
76.167,4.7055,8.7193,10.698
76.333,4.7034,8.6935,10.71
76.5,4.7065,8.7126,10.723
76.667,4.7117,8.7467,10.735
76.833,4.7112,8.7489,10.748
77,4.7095,8.7558,10.76
77.167,4.7157,8.7943,10.773
77.333,4.7165,8.808,10.786
77.5,4.7161,8.8222,10.798
77.667,4.7187,8.827,10.81
77.833,4.721,8.848,10.822
78,4.7155,8.8377,10.834
78.167,4.7221,8.8743,10.846
78.333,4.7217,8.8722,10.859
78.5,4.7157,8.9025,10.871
78.667,4.7207,8.9098,10.883
78.833,4.7217,8.9148,10.896
79,4.7189,8.934,10.917
79.167,4.7201,8.9412,10.93
79.333,4.7158,8.9796,10.941
79.5,4.716,8.9789,10.953
79.667,4.7189,9.0156,10.965
79.833,4.7207,9.0035,10.977
80,4.7102,9.0092,10.988
80.167,4.7117,9.0398,11
80.333,4.711,9.0495,11.012
80.5,4.7115,9.0875,11.023
80.667,4.7067,9.0909,11.034
80.833,4.7098,9.0888,11.047
81,4.7055,9.1057,11.057
81.167,4.6999,9.1165,11.068
81.333,4.7061,9.1285,11.08
81.5,4.7054,9.1455,11.092
81.667,4.7013,9.1529,11.103
81.833,4.7019,9.1777,11.115
82,4.6934,9.176,11.126
82.167,4.6853,9.1919,11.137
82.333,4.684,9.2183,11.148
82.5,4.6891,9.2462,11.161
82.667,4.6796,9.2457,11.171
82.833,4.6777,9.2792,11.183
83,4.6806,9.2765,11.194
83.167,4.6792,9.2852,11.206
83.333,4.679,9.3086,11.217
83.5,4.6768,9.3043,11.229
83.667,4.6687,9.3197,11.24
83.833,4.6709,9.3469,11.251
84,4.6619,9.3644,11.263
84.167,4.6622,9.3637,11.275
84.333,4.6588,9.3869,11.287
84.5,4.6632,9.3823,11.299
84.667,4.6603,9.4086,11.312
84.833,4.6621,9.4454,11.323
85,4.6533,9.4442,11.334
85.167,4.6511,9.4626,11.347
85.333,4.6469,9.4774,11.358
85.5,4.6494,9.4814,11.37
85.667,4.6481,9.4975,11.381
85.833,4.6431,9.5186,11.393
86,4.6379,9.5176,11.405
86.167,4.644,9.5345,11.417
86.333,4.6354,9.5419,11.428
86.5,4.6349,9.5531,11.441
86.667,4.6319,9.5838,11.451
86.833,4.6278,9.6025,11.464
87,4.6278,9.6048,11.475
87.167,4.6258,9.6009,11.487
87.333,4.6213,9.6144,11.497
87.5,4.6245,9.63,11.509
87.667,4.6174,9.6618,11.521
87.833,4.6185,9.6618,11.533
88,4.6097,9.667,11.543
88.167,4.6058,9.6929,11.555
88.333,4.6127,9.6999,11.567
88.5,4.6078,9.7062,11.579
88.667,4.6068,9.7346,11.59
88.833,4.5974,9.7454,11.602
89,4.5994,9.7693,11.614
89.167,4.5934,9.7814,11.625
89.333,4.5889,9.788,11.635
89.5,4.5915,9.7999,11.648
89.667,4.5857,9.8278,11.66
89.833,4.5842,9.8328,11.671
90,4.5769,9.8279,11.683
90.167,4.5765,9.8463,11.695
90.333,4.5787,9.8574,11.706
90.5,4.5761,9.8843,11.719
90.667,4.5631,9.9049,11.729
90.833,4.5596,9.9066,11.741
91,4.57,9.9362,11.754
91.167,4.5604,9.9382,11.765
91.333,4.551,9.9436,11.784
91.5,4.5569,9.958,11.796
91.667,4.5523,9.9677,11.799
91.833,4.5505,9.992,11.819
92,4.5411,9.9949,11.831
92.167,4.5448,10.006,11.841
92.333,4.5342,10.025,11.854
92.5,4.5344,10.026,11.864
92.667,4.5353,10.053,11.874
92.833,4.5329,10.054,11.885
93,4.5301,10.075,11.896
93.167,4.5255,10.078,11.906
93.333,4.5218,10.105,11.917
93.5,4.5222,10.1,11.928
93.667,4.5209,10.12,11.938
93.833,4.519,10.142,11.949
94,4.5166,10.141,11.959
94.167,4.5134,10.148,11.969
94.333,4.5128,10.167,11.98
94.5,4.5054,10.175,11.991
94.667,4.5026,10.177,12.002
94.833,4.5013,10.204,12.013
95,4.5068,10.219,12.023
95.167,4.4999,10.223,12.034
95.333,4.487,10.229,12.043
95.5,4.4935,10.242,12.054
95.667,4.4879,10.27,12.066
95.833,4.4833,10.266,12.076
96,4.4823,10.286,12.086
96.167,4.4762,10.306,12.097
96.333,4.4775,10.331,12.108
96.5,4.4729,10.306,12.119
96.667,4.4665,10.322,12.129
96.833,4.4676,10.353,12.141
97,4.4661,10.337,12.152
97.167,4.4638,10.388,12.161
97.333,4.4604,10.397,12.172
97.5,4.4598,10.403,12.184
97.667,4.4514,10.419,12.195
97.833,4.4526,10.401,12.206
98,4.4393,10.442,12.217
98.167,4.4461,10.452,12.227
98.333,4.4436,10.465,12.239
98.5,4.4418,10.473,12.25
98.667,4.4381,10.473,12.261
98.833,4.4327,10.501,12.271
99,4.4251,10.509,12.283
99.167,4.4207,10.525,12.294
99.333,4.4202,10.537,12.304
99.5,4.4202,10.555,12.316
99.667,4.4128,10.574,12.326
99.833,4.417,10.575,12.336
100,4.4091,10.592,12.347
100.17,4.4126,10.592,12.358
100.33,4.4064,10.609,12.369
100.5,4.4039,10.612,12.379
100.67,4.3991,10.628,12.39
100.83,4.3953,10.638,12.401
101,4.3913,10.658,12.411
101.17,4.3822,10.662,12.423
101.33,4.3801,10.682,12.432
101.5,4.3804,10.684,12.443
101.67,4.3769,10.697,12.455
101.83,4.3763,10.732,12.466
102,4.3732,10.736,12.477
102.17,4.3678,10.738,12.487
102.33,4.369,10.764,12.498
102.5,4.3658,10.767,12.51
102.67,4.3579,10.78,12.518
102.83,4.3572,10.797,12.53
103,4.3515,10.803,12.541
103.17,4.3466,10.813,12.553
103.33,4.343,10.833,12.562
103.5,4.3382,10.838,12.573
103.67,4.3346,10.86,12.583
103.83,4.3281,10.875,12.595
104,4.3237,10.896,12.604
104.17,4.323,10.886,12.616
104.33,4.3254,10.92,12.625
104.5,4.3208,10.915,12.637
104.67,4.311,10.91,12.647
104.83,4.3199,10.939,12.658
105,4.3091,10.957,12.668
105.17,4.3014,10.974,12.679
105.33,4.2993,10.967,12.688
105.5,4.3025,10.989,12.699
105.67,4.3006,10.987,12.718
105.83,4.2923,11.009,12.719
106,4.2896,11.028,12.738
106.17,4.288,11.021,12.739
106.33,4.2824,11.053,12.757
106.5,4.2735,11.049,12.768
106.67,4.2706,11.058,12.777
106.83,4.2721,11.09,12.787
107,4.2657,11.087,12.797
107.17,4.2672,11.099,12.807
107.33,4.2567,11.104,12.817
107.5,4.2549,11.098,12.827
107.67,4.2553,11.104,12.837
107.83,4.2436,11.142,12.847
108,4.2354,11.151,12.856
108.17,4.2406,11.162,12.866
108.33,4.2333,11.163,12.876
108.5,4.2351,11.186,12.887
108.67,4.2283,11.185,12.896
108.83,4.2294,11.211,12.906
109,4.2247,11.203,12.916
109.17,4.2194,11.232,12.927
109.33,4.2162,11.239,12.936
109.5,4.2103,11.245,12.947
109.67,4.2076,11.269,12.956
109.83,4.2067,11.258,12.968
110,4.1996,11.283,12.978
110.17,4.197,11.304,12.988
110.33,4.1826,11.305,12.997
110.5,4.1844,11.319,13.008
110.67,4.1822,11.34,13.018
110.83,4.1703,11.34,13.029
111,4.1744,11.349,13.038
111.17,4.1685,11.366,13.049
111.33,4.1629,11.376,13.059
111.5,4.1579,11.394,13.07
111.67,4.1547,11.411,13.08
111.83,4.1496,11.403,13.09
112,4.1489,11.416,13.1
112.17,4.1433,11.445,13.112
112.33,4.139,11.441,13.121
112.5,4.1336,11.457,13.132
112.67,4.1202,11.47,13.142
112.83,4.1208,11.477,13.152
113,4.1218,11.496,13.163
113.17,4.1093,11.494,13.172
113.33,4.1091,11.522,13.182
113.5,4.0913,11.507,13.193
113.67,4.093,11.539,13.202
113.83,4.0883,11.548,13.211
114,4.0909,11.57,13.221
114.17,4.0759,11.557,13.233
114.33,4.0747,11.584,13.243
114.5,4.0713,11.586,13.253
114.67,4.0545,11.614,13.262
114.83,4.0491,11.613,13.272
115,4.0367,11.62,13.282
115.17,4.0436,11.64,13.293
115.33,4.0181,11.658,13.302
115.5,4.0271,11.664,13.313
115.67,4.014,11.676,13.322
115.83,4.0092,11.673,13.333
116,4.0009,11.692,13.343
116.17,4.0017,11.706,13.354
116.33,3.9903,11.712,13.363
116.5,3.9868,11.73,13.373
116.67,3.9754,11.732,13.383
116.83,3.9785,11.758,13.392
117,3.9665,11.753,13.402
117.17,3.9472,11.775,13.412
117.33,3.946,11.777,13.422
117.5,3.9436,11.774,13.432
117.67,3.9402,11.792,13.441
117.83,3.9278,11.801,13.452
118,3.9193,11.837,13.462
118.17,3.908,11.834,13.473
118.33,3.9145,11.835,13.483
118.5,3.9081,11.843,13.492
118.67,3.899,11.874,13.502
118.83,3.8885,11.884,13.511
119,3.8845,11.895,13.522
119.17,3.8868,11.879,13.532
119.33,3.8732,11.904,13.541
119.5,3.8675,11.922,13.551
119.67,3.8651,11.934,13.56
119.83,3.8579,11.948,13.569
120,3.8508,11.963,13.578
120.17,3.8435,11.972,13.588
120.33,3.8414,11.972,13.597
120.5,3.834,11.978,13.607
120.67,3.8256,12.008,13.616
120.83,3.831,12.015,13.625
121,3.8198,12.027,13.634
121.17,3.8089,12.027,13.644
121.33,3.8016,12.044,13.653
121.5,3.8053,12.042,13.663
121.67,3.7875,12.061,13.673
121.83,3.7969,12.069,13.683
122,3.7848,12.078,13.692
122.17,3.7889,12.104,13.701
122.33,3.7737,12.105,13.71
122.5,3.7704,12.102,13.72
122.67,3.7656,12.128,13.728
122.83,3.7673,12.136,13.738
123,3.7523,12.134,13.747
123.17,3.7531,12.152,13.758
123.33,3.7446,12.16,13.767
123.5,3.7428,12.169,13.777
123.67,3.7346,12.192,13.787
123.83,3.7278,12.192,13.796
124,3.7214,12.211,13.805
124.17,3.7116,12.218,13.816
124.33,3.7189,12.235,13.827
124.5,3.7104,12.248,13.836
124.67,3.7085,12.251,13.845
124.83,3.696,12.256,13.856
125,3.704,12.258,13.866
125.17,3.6925,12.269,13.874
125.33,3.6867,12.283,13.883
125.5,3.6857,12.293,13.893
125.67,3.6757,12.308,13.903
125.83,3.6715,12.333,13.913
126,3.664,12.335,13.921
126.17,3.6623,12.346,13.932
126.33,3.6561,12.362,13.941
126.5,3.6572,12.367,13.951
126.67,3.647,12.388,13.959
126.83,3.6453,12.383,13.97
127,3.6462,12.387,13.979
127.17,3.6414,12.404,13.99
127.33,3.6305,12.414,13.997
127.5,3.6267,12.422,14.008
127.67,3.6208,12.437,14.017
127.83,3.6199,12.44,14.027
128,3.6131,12.447,14.035
128.17,3.6072,12.461,14.045
128.33,3.6092,12.461,14.055
128.5,3.6011,12.495,14.065
128.67,3.5993,12.486,14.074
128.83,3.6015,12.497,14.084
129,3.5828,12.523,14.093
129.17,3.5878,12.541,14.103
129.33,3.5775,12.536,14.112
129.5,3.5764,12.528,14.122
129.67,3.5737,12.564,14.131
129.83,3.563,12.569,14.141
130,3.5633,12.566,14.149
130.17,3.5551,12.585,14.16
130.33,3.5549,12.597,14.17
130.5,3.5559,12.609,14.179
130.67,3.5483,12.628,14.188
130.83,3.5438,12.634,14.198
131,3.5419,12.656,14.208
131.17,3.5363,12.651,14.217
131.33,3.5285,12.666,14.226
131.5,3.5288,12.673,14.236
131.67,3.521,12.688,14.245
131.83,3.5204,12.698,14.254
132,3.5212,12.709,14.263
132.17,3.5128,12.719,14.273
132.33,3.5107,12.723,14.282
132.5,3.5128,12.74,14.292
132.67,3.5006,12.734,14.299
132.83,3.5026,12.752,14.309
133,3.4983,12.765,14.317
133.17,3.4968,12.782,14.327
133.33,3.4918,12.778,14.335
133.5,3.4897,12.797,14.344
133.67,3.4793,12.802,14.353
133.83,3.4846,12.813,14.362
134,3.4744,12.828,14.37
134.17,3.4693,12.813,14.378
134.33,3.4734,12.842,14.388
134.5,3.4649,12.84,14.396
134.67,3.4627,12.874,14.407
134.83,3.4621,12.874,14.415
135,3.453,12.891,14.425
135.17,3.4496,12.895,14.435
135.33,3.4444,12.903,14.443
135.5,3.4342,12.924,14.452
135.67,3.4346,12.92,14.461
135.83,3.4386,12.922,14.47
136,3.4335,12.943,14.479
136.17,3.4236,12.948,14.487
136.33,3.4271,12.968,14.496
136.5,3.4228,12.971,14.505
136.67,3.4156,12.994,14.514
136.83,3.4149,12.977,14.524
137,3.4104,13.002,14.533
137.17,3.4121,12.993,14.543
137.33,3.3987,13.011,14.551
137.5,3.3953,13.032,14.561
137.67,3.3868,13.046,14.571
137.83,3.393,13.04,14.579
138,3.3868,13.055,14.589
138.17,3.3869,13.067,14.598
138.33,3.3867,13.079,14.607
138.5,3.3826,13.085,14.615
138.67,3.377,13.098,14.624
138.83,3.3719,13.108,14.633
139,3.3674,13.122,14.642
139.17,3.3685,13.123,14.65
139.33,3.3616,13.146,14.659
139.5,3.3603,13.147,14.668
139.67,3.361,13.162,14.678
139.83,3.3541,13.165,14.687
140,3.3441,13.171,14.696
140.17,3.35,13.187,14.705
140.33,3.3501,13.193,14.715
140.5,3.3363,13.215,14.724
140.67,3.3361,13.206,14.733
140.83,3.3309,13.227,14.742
141,3.3238,13.237,14.752
141.17,3.3274,13.248,14.761
141.33,3.3221,13.257,14.77
141.5,3.3165,13.266,14.778
141.67,3.3171,13.263,14.788
141.83,3.3159,13.276,14.796
142,3.3055,13.301,14.805
142.17,3.3108,13.306,14.815
142.33,3.3074,13.317,14.823
142.5,3.3011,13.335,14.833
142.67,3.3035,13.334,14.841
142.83,3.2923,13.339,14.851
143,3.2956,13.356,14.86
143.17,3.2928,13.36,14.869
143.33,3.2883,13.37,14.877
143.5,3.2827,13.381,14.888
143.67,3.277,13.396,14.896
143.83,3.2788,13.397,14.906
144,3.2699,13.41,14.913
144.17,3.2733,13.422,14.924
144.33,3.2736,13.425,14.933
144.5,3.2699,13.438,14.942
144.67,3.2625,13.464,14.95
144.83,3.2563,13.457,14.959
145,3.2554,13.469,14.969
145.17,3.2577,13.469,14.978
145.33,3.2489,13.493,14.988
145.5,3.2506,13.496,14.996
145.67,3.2489,13.508,15.005
145.83,3.2412,13.523,15.013
146,3.2408,13.539,15.021
146.17,3.2363,13.53,15.03
146.33,3.2325,13.546,15.039
146.5,3.2312,13.556,15.047
146.67,3.229,13.552,15.056
146.83,3.2278,13.569,15.064
147,3.2289,13.594,15.073
147.17,3.2246,13.594,15.081
147.33,3.2191,13.598,15.088
147.5,3.2219,13.611,15.098
147.67,3.214,13.626,15.106
147.83,3.215,13.633,15.115
148,3.203,13.638,15.122
148.17,3.2042,13.643,15.131
148.33,3.2087,13.656,15.139
148.5,3.2023,13.67,15.148
148.67,3.1949,13.682,15.156
148.83,3.1891,13.672,15.165
149,3.1891,13.695,15.173
149.17,3.1919,13.703,15.183
149.33,3.1872,13.711,15.191
149.5,3.1812,13.721,15.2
149.67,3.1831,13.721,15.209
149.83,3.1835,13.742,15.218
150,3.1787,13.754,15.227
150.17,3.1762,13.755,15.236
150.33,3.1707,13.781,15.245
150.5,3.1658,13.783,15.253
150.67,3.1689,13.789,15.262
150.83,3.1624,13.796,15.27
151,3.1648,13.812,15.278
151.17,3.1597,13.806,15.287
151.33,3.1607,13.829,15.296
151.5,3.1529,13.839,15.305
151.67,3.1519,13.843,15.312
151.83,3.1505,13.858,15.321
152,3.1468,13.868,15.329
152.17,3.146,13.867,15.337
152.33,3.1441,13.889,15.346
152.5,3.1402,13.884,15.355
152.67,3.1384,13.898,15.364
152.83,3.1359,13.912,15.372
153,3.1342,13.918,15.382
153.17,3.1341,13.916,15.391
153.33,3.1276,13.931,15.399
153.5,3.1249,13.938,15.408
153.67,3.124,13.954,15.416
153.83,3.1255,13.964,15.426
154,3.1185,13.995,15.433
154.17,3.1167,13.986,15.444
154.33,3.1136,13.996,15.452
154.5,3.1043,14.001,15.46
154.67,3.1037,14.014,15.468
154.83,3.1096,14.032,15.478
155,3.1021,14.028,15.486
155.17,3.0981,14.054,15.494
155.33,3.0959,14.048,15.503
155.5,3.0955,14.07,15.511
155.67,3.0949,14.066,15.519
155.83,3.0899,14.071,15.527
156,3.0902,14.086,15.536
156.17,3.0859,14.087,15.545
156.33,3.0886,14.112,15.553
156.5,3.0828,14.106,15.563
156.67,3.08,14.121,15.57
156.83,3.0796,14.136,15.581
157,3.0735,14.142,15.59
157.17,3.0668,14.146,15.598
157.33,3.0643,14.161,15.606
157.5,3.0644,14.164,15.615
157.67,3.0624,14.177,15.624
157.83,3.0608,14.18,15.633
158,3.0606,14.196,15.642
158.17,3.0578,14.21,15.65
158.33,3.0576,14.206,15.658
158.5,3.0514,14.23,15.667
158.67,3.0478,14.232,15.675
158.83,3.0532,14.231,15.683
159,3.0424,14.261,15.692
159.17,3.0462,14.256,15.7
159.33,3.0436,14.278,15.708
159.5,3.0408,14.282,15.715
159.67,3.0377,14.273,15.723
159.83,3.0392,14.291,15.732
160,3.0303,14.288,15.739
160.17,3.0372,14.3,15.748
160.33,3.0329,14.314,15.756
160.5,3.0285,14.309,15.764
160.67,3.0267,14.336,15.773
160.83,3.0268,14.336,15.781
161,3.0202,14.351,15.789
161.17,3.0241,14.358,15.798
161.33,3.0157,14.368,15.806
161.5,3.0157,14.374,15.814
161.67,3.019,14.385,15.823
161.83,3.0127,14.39,15.831
162,3.0131,14.4,15.839
162.17,3.0136,14.425,15.847
162.33,3.0062,14.417,15.856
162.5,3.0048,14.43,15.863
162.67,3.0045,14.438,15.873
162.83,3.0068,14.453,15.881
163,2.9981,14.453,15.889
163.17,2.9968,14.463,15.898
163.33,2.9979,14.474,15.904
163.5,2.9944,14.483,15.914
163.67,2.994,14.501,15.923
163.83,2.9914,14.509,15.923
164,2.9846,14.512,15.94
164.17,2.9833,14.524,15.948
164.33,2.9829,14.529,15.956
164.5,2.9785,14.543,15.965
164.67,2.9778,14.558,15.972
164.83,2.978,14.568,15.981
165,2.9823,14.572,15.989
165.17,2.9749,14.581,15.989
165.33,2.9717,14.602,16.006
165.5,2.9703,14.615,16.014
165.67,2.9706,14.614,16.023
165.83,2.9692,14.62,16.023
166,2.9706,14.625,16.04
166.17,2.9647,14.64,16.04
166.33,2.9614,14.656,16.049
166.5,2.9548,14.654,16.065
166.67,2.9563,14.659,16.073
166.83,2.9565,14.669,16.08
167,2.9538,14.68,16.081
167.17,2.9497,14.675,16.09
167.33,2.9461,14.699,16.105
167.5,2.9468,14.703,16.113
167.67,2.9473,14.707,16.114
167.83,2.9415,14.717,16.122
168,2.938,14.713,16.138
168.17,2.9354,14.726,16.139
168.33,2.9368,14.754,16.147
168.5,2.9334,14.76,16.155
168.67,2.9345,14.764,16.164
168.83,2.9323,14.771,16.172
169,2.9347,14.79,16.18
169.17,2.925,14.796,16.189
169.33,2.9233,14.815,16.197
169.5,2.925,14.803,16.205
169.67,2.9247,14.816,16.214
169.83,2.9225,14.817,16.222
170,2.9231,14.832,16.23
170.17,2.9178,14.842,16.239
170.33,2.9145,14.865,16.247
170.5,2.9162,14.851,16.256
170.67,2.9098,14.854,16.263
170.83,2.9104,14.873,16.271
171,2.9062,14.893,16.28
171.17,2.9041,14.894,16.288
171.33,2.9036,14.898,16.303
171.5,2.9034,14.908,16.304
171.67,2.9013,14.917,16.312
171.83,2.8995,14.928,16.32
172,2.8968,14.936,16.328
172.17,2.8954,14.949,16.335
172.33,2.8938,14.964,16.343
172.5,2.8941,14.963,16.352
172.67,2.8929,14.987,16.359
172.83,2.8913,14.967,16.367
173,2.8849,14.984,16.374
173.17,2.8905,14.994,16.382
173.33,2.8845,15.01,16.389
173.5,2.8809,15.019,16.397
173.67,2.8824,15.024,16.405
173.83,2.8783,15.033,16.412
174,2.879,15.043,16.42
174.17,2.8755,15.043,16.429
174.33,2.8753,15.063,16.437
174.5,2.8713,15.053,16.445
174.67,2.8668,15.069,16.452
174.83,2.8692,15.083,16.46
175,2.8687,15.091,16.468
175.17,2.8663,15.104,16.476
175.33,2.8585,15.102,16.484
175.5,2.8639,15.113,16.493
175.67,2.8632,15.127,16.501
175.83,2.86,15.124,16.509
176,2.8559,15.143,16.516
176.17,2.8539,15.145,16.525
176.33,2.8565,15.16,16.532
176.5,2.8537,15.166,16.54
176.67,2.8491,15.179,16.549
176.83,2.8545,15.183,16.558
177,2.8481,15.186,16.565
177.17,2.8454,15.199,16.574
177.33,2.846,15.215,16.581
177.5,2.8408,15.21,16.589
177.67,2.8412,15.223,16.598
177.83,2.8383,15.225,16.605
178,2.8341,15.235,16.613
178.17,2.832,15.242,16.62
178.33,2.8303,15.264,16.629
178.5,2.831,15.275,16.638
178.67,2.8284,15.281,16.645
178.83,2.8274,15.279,16.653
179,2.8304,15.301,16.661
179.17,2.8293,15.307,16.67
179.33,2.823,15.308,16.677
179.5,2.8235,15.314,16.686
179.67,2.8175,15.322,16.693
179.83,2.8174,15.339,16.702
180,2.8193,15.341,16.709
180.17,2.8162,15.363,16.718
180.33,2.8176,15.361,16.725
180.5,2.8118,15.369,16.732
180.67,2.8135,15.363,16.74
180.83,2.8109,15.388,16.748
181,2.8059,15.399,16.756
181.17,2.8064,15.409,16.764
181.33,2.8049,15.402,16.772
181.5,2.8052,15.412,16.78
181.67,2.8036,15.422,16.788
181.83,2.8014,15.439,16.795
182,2.8001,15.455,16.803
182.17,2.8,15.458,16.811
182.33,2.7952,15.452,16.819
182.5,2.792,15.467,16.827
182.67,2.7963,15.469,16.835
182.83,2.793,15.487,16.843
183,2.7917,15.506,16.851
183.17,2.7909,15.491,16.859
183.33,2.787,15.501,16.866
183.5,2.7838,15.515,16.875
183.67,2.7831,15.516,16.882
183.83,2.7858,15.539,16.891
184,2.7769,15.551,16.897
184.17,2.7759,15.534,16.906
184.33,2.7747,15.572,16.914
184.5,2.7762,15.559,16.922
184.67,2.7744,15.575,16.93
184.83,2.777,15.592,16.939
185,2.7729,15.59,16.947
185.17,2.7699,15.595,16.955
185.33,2.7716,15.603,16.961
185.5,2.7717,15.612,16.969
185.67,2.7707,15.626,16.978
185.83,2.7688,15.635,16.984
186,2.7655,15.655,16.992
186.17,2.7647,15.641,17
186.33,2.7642,15.656,17.007
186.5,2.7581,15.666,17.015
186.67,2.7622,15.684,17.022
186.83,2.7632,15.675,17.029
187,2.7613,15.687,17.037
187.17,2.7546,15.693,17.045
187.33,2.7494,15.722,17.053
187.5,2.7497,15.708,17.06
187.67,2.752,15.727,17.068
187.83,2.7475,15.729,17.076
188,2.7488,15.75,17.083
188.17,2.7454,15.752,17.091
188.33,2.7447,15.752,17.099
188.5,2.7416,15.755,17.107
188.67,2.7455,15.77,17.114
188.83,2.7388,15.767,17.121
189,2.7427,15.788,17.129
189.17,2.7407,15.795,17.137
189.33,2.7389,15.806,17.144
189.5,2.7356,15.82,17.153
189.67,2.73,15.815,17.161
189.83,2.7314,15.836,17.168
190,2.7277,15.838,17.176
190.17,2.7292,15.845,17.184
190.33,2.7283,15.854,17.191
190.5,2.7241,15.857,17.199
190.67,2.7231,15.861,17.207
190.83,2.7251,15.87,17.214
191,2.7256,15.88,17.223
191.17,2.7226,15.89,17.231
191.33,2.7157,15.904,17.237
191.5,2.7216,15.902,17.246
191.67,2.7171,15.907,17.254
191.83,2.711,15.929,17.261
192,2.7127,15.941,17.269
192.17,2.712,15.939,17.276
192.33,2.7164,15.959,17.284
192.5,2.7086,15.973,17.291
192.67,2.7072,15.963,17.298
192.83,2.7088,15.977,17.305
193,2.7054,15.99,17.314
193.17,2.7043,15.985,17.322
193.33,2.7017,15.997,17.328
193.5,2.7026,16.014,17.336
193.67,2.7007,16.018,17.344
193.83,2.7032,16.035,17.352
194,2.6961,16.029,17.358
194.17,2.6948,16.035,17.366
194.33,2.6976,16.048,17.374
194.5,2.6948,16.052,17.382
194.67,2.6909,16.06,17.389
194.83,2.6944,16.078,17.396
195,2.6898,16.075,17.404
195.17,2.6897,16.082,17.412
195.33,2.6874,16.097,17.419
195.5,2.6853,16.099,17.428
195.67,2.682,16.107,17.435
195.83,2.6835,16.121,17.443
196,2.6806,16.128,17.45
196.17,2.6788,16.124,17.459
196.33,2.6776,16.141,17.467
196.5,2.678,16.145,17.474
196.67,2.678,16.153,17.481
196.83,2.6746,16.165,17.49
197,2.6779,16.166,17.498
197.17,2.6705,16.18,17.505
197.33,2.672,16.187,17.511
197.5,2.6726,16.192,17.52
197.67,2.6738,16.208,17.528
197.83,2.6676,16.214,17.536
198,2.6651,16.218,17.543
198.17,2.6639,16.237,17.55
198.33,2.6604,16.239,17.558
198.5,2.6655,16.245,17.565
198.67,2.6656,16.252,17.573
198.83,2.6622,16.257,17.579
199,2.6604,16.27,17.588
199.17,2.6613,16.286,17.596
199.33,2.6565,16.284,17.602
199.5,2.6581,16.284,17.609
199.67,2.6575,16.299,17.616
199.83,2.6543,16.313,17.624
200,2.6549,16.323,17.631
200.17,2.6543,16.327,17.639
200.33,2.6512,16.333,17.646
200.5,2.6493,16.337,17.653
200.67,2.6521,16.355,17.661
200.83,2.6488,16.356,17.668
201,2.6442,16.365,17.674
201.17,2.6467,16.361,17.682
201.33,2.6429,16.367,17.689
201.5,2.6402,16.387,17.697
201.67,2.6416,16.391,17.704
201.83,2.642,16.402,17.712
202,2.6389,16.426,17.719
202.17,2.6378,16.412,17.727
202.33,2.6396,16.422,17.735
202.5,2.6346,16.442,17.742
202.67,2.635,16.432,17.75
202.83,2.6338,16.443,17.757
203,2.6317,16.461,17.763
203.17,2.6307,16.461,17.771
203.33,2.6289,16.468,17.778
203.5,2.6321,16.482,17.786
203.67,2.6271,16.484,17.794
203.83,2.6252,16.499,17.801
204,2.6219,16.506,17.808
204.17,2.6225,16.504,17.815
204.33,2.6219,16.517,17.822
204.5,2.6235,16.524,17.831
204.67,2.6232,16.528,17.838
204.83,2.6239,16.537,17.846
205,2.6242,16.548,17.853
205.17,2.6218,16.547,17.86
205.33,2.6202,16.552,17.868
205.5,2.6188,16.568,17.876
205.67,2.6215,16.577,17.883
205.83,2.6145,16.584,17.89
206,2.6128,16.598,17.898
206.17,2.6107,16.602,17.905
206.33,2.6109,16.602,17.912
206.5,2.6112,16.613,17.92
206.67,2.6121,16.622,17.927
206.83,2.6067,16.641,17.934
207,2.6095,16.645,17.941
207.17,2.6044,16.647,17.948
207.33,2.6026,16.647,17.955
207.5,2.6047,16.673,17.963
207.67,2.6047,16.677,17.971
207.83,2.6037,16.668,17.978
208,2.6005,16.689,17.984
208.17,2.5968,16.691,17.993
208.33,2.5989,16.716,18.001
208.5,2.5984,16.721,18.008
208.67,2.5962,16.718,18.016
208.83,2.5928,16.732,18.023
209,2.59,16.727,18.03
209.17,2.5904,16.743,18.038
209.33,2.5928,16.755,18.045
209.5,2.5904,16.754,18.053
209.67,2.5853,16.769,18.06
209.83,2.5874,16.769,18.067
210,2.5856,16.783,18.074
210.17,2.5879,16.785,18.081
210.33,2.5851,16.798,18.09
210.5,2.5828,16.799,18.096
210.67,2.5795,16.812,18.103
210.83,2.5792,16.805,18.111
211,2.5782,16.833,18.119
211.17,2.576,16.84,18.127
211.33,2.5761,16.846,18.134
211.5,2.5757,16.858,18.141
211.67,2.5744,16.856,18.148
211.83,2.5759,16.866,18.155
212,2.5735,16.873,18.16
212.17,2.5728,16.883,18.168
212.33,2.5754,16.876,18.175
212.5,2.5731,16.893,18.182
212.67,2.5704,16.906,18.19
212.83,2.5722,16.903,18.197
213,2.5712,16.909,18.204
213.17,2.567,16.926,18.211
213.33,2.563,16.93,18.217
213.5,2.5665,16.937,18.225
213.67,2.5637,16.941,18.233
213.83,2.5629,16.956,18.239
214,2.5621,16.965,18.246
214.17,2.5606,16.977,18.253
214.33,2.5613,16.983,18.261
214.5,2.5607,16.984,18.267
214.67,2.5564,16.981,18.275
214.83,2.5602,16.988,18.282
215,2.5566,17.011,18.289
215.17,2.5567,17.015,18.296
215.33,2.5541,17.014,18.303
215.5,2.5503,17.023,18.311
215.67,2.5512,17.033,18.318
215.83,2.5497,17.037,18.325
216,2.5512,17.053,18.332
216.17,2.5469,17.061,18.34
216.33,2.5451,17.058,18.347
216.5,2.5479,17.083,18.355
216.67,2.5401,17.082,18.361
216.83,2.5444,17.095,18.369
217,2.5451,17.092,18.376
217.17,2.5428,17.094,18.384
217.33,2.5421,17.111,18.39
217.5,2.5411,17.121,18.398
217.67,2.5376,17.129,18.404
217.83,2.5348,17.135,18.411
218,2.5383,17.138,18.419
218.17,2.541,17.148,18.426
218.33,2.5369,17.16,18.434
218.5,2.5393,17.164,18.442
218.67,2.5316,17.171,18.448
218.83,2.5359,17.189,18.456
219,2.5295,17.183,18.462
219.17,2.534,17.195,18.47
219.33,2.5304,17.195,18.476
219.5,2.5306,17.212,18.484
219.67,2.5262,17.209,18.491
219.83,2.53,17.229,18.498
220,2.5265,17.23,18.505
220.17,2.5246,17.243,18.513
220.33,2.5264,17.256,18.52
220.5,2.5243,17.255,18.528
220.67,2.5213,17.257,18.534
220.83,2.5218,17.268,18.542
221,2.522,17.274,18.549
221.17,2.5172,17.291,18.556
221.33,2.5162,17.295,18.563
221.5,2.5225,17.296,18.571
221.67,2.519,17.3,18.578
221.83,2.5192,17.311,18.585
222,2.5139,17.323,18.592
222.17,2.5145,17.324,18.6
222.33,2.5168,17.332,18.607
222.5,2.5137,17.341,18.615
222.67,2.5136,17.358,18.622
222.83,2.5108,17.363,18.63
223,2.5118,17.365,18.637
223.17,2.5126,17.371,18.644
223.33,2.509,17.381,18.651
223.5,2.5086,17.385,18.659
223.67,2.5074,17.395,18.666
223.83,2.5056,17.397,18.673
224,2.5089,17.416,18.679
224.17,2.5058,17.42,18.687
224.33,2.5004,17.425,18.694
224.5,2.5045,17.435,18.701
224.67,2.4996,17.437,18.708
224.83,2.4988,17.447,18.714
225,2.5037,17.456,18.721
225.17,2.4999,17.459,18.728
225.33,2.4978,17.467,18.734
225.5,2.4996,17.471,18.741
225.67,2.4989,17.479,18.748
225.83,2.4943,17.486,18.755
226,2.4949,17.504,18.761
226.17,2.4914,17.502,18.768
226.33,2.4917,17.509,18.775
226.5,2.4866,17.525,18.782
226.67,2.4897,17.533,18.789
226.83,2.4901,17.539,18.796
227,2.4894,17.543,18.802
227.17,2.4869,17.542,18.81
227.33,2.4851,17.552,18.816
227.5,2.4859,17.564,18.823
227.67,2.4867,17.567,18.829
227.83,2.4848,17.588,18.837
228,2.4839,17.579,18.844
228.17,2.4841,17.587,18.851
228.33,2.4827,17.598,18.858
228.5,2.4838,17.61,18.866
228.67,2.4811,17.613,18.872
228.83,2.4789,17.62,18.879
229,2.4767,17.622,18.886
229.17,2.4749,17.627,18.894
229.33,2.4759,17.639,18.9
229.5,2.4762,17.627,18.908
229.67,2.4761,17.659,18.914
229.83,2.4732,17.664,18.922
230,2.4763,17.668,18.929
230.17,2.4748,17.682,18.935
230.33,2.4717,17.687,18.943
230.5,2.4736,17.686,18.95
230.67,2.4721,17.71,18.956
230.83,2.4731,17.703,18.963
231,2.4704,17.719,18.97
231.17,2.467,17.719,18.977
231.33,2.4634,17.73,18.983
231.5,2.4686,17.729,18.991
231.67,2.4642,17.752,18.998
231.83,2.4663,17.749,19.005
232,2.4631,17.757,19.012
232.17,2.4627,17.769,19.02
232.33,2.4613,17.766,19.026
232.5,2.4615,17.783,19.033
232.67,2.4585,17.791,19.039
232.83,2.4578,17.789,19.047
233,2.4585,17.798,19.054
233.17,2.4563,17.808,19.06
233.33,2.4589,17.819,19.067
233.5,2.4585,17.822,19.075
233.67,2.4528,17.825,19.081
233.83,2.4539,17.842,19.088
234,2.4514,17.838,19.095
234.17,2.4523,17.849,19.102
234.33,2.451,17.858,19.109
234.5,2.4494,17.859,19.115
234.67,2.448,17.874,19.123
234.83,2.4481,17.885,19.13
235,2.4488,17.878,19.138
235.17,2.4527,17.897,19.143
235.33,2.4492,17.903,19.151
235.5,2.4438,17.904,19.157
235.67,2.4489,17.916,19.165
235.83,2.4484,17.927,19.172
236,2.4395,17.918,19.178
236.17,2.441,17.937,19.186
236.33,2.4434,17.941,19.192
236.5,2.4411,17.949,19.199
236.67,2.4402,17.961,19.206
236.83,2.4351,17.969,19.213
237,2.4395,17.977,19.221
237.17,2.4401,17.975,19.228
237.33,2.4363,17.983,19.235
237.5,2.4357,17.997,19.241
237.67,2.4371,18.002,19.249
237.83,2.4351,18.006,19.256
238,2.4311,18.016,19.262
238.17,2.4336,18.026,19.269
238.33,2.4318,18.027,19.275
238.5,2.4344,18.037,19.282
238.67,2.4322,18.043,19.289
238.83,2.4317,18.052,19.296
239,2.4291,18.063,19.303
239.17,2.4278,18.074,19.308
239.33,2.4323,18.072,19.316
239.5,2.43,18.079,19.323
239.67,2.432,18.089,19.329
239.83,2.426,18.103,19.336
240,2.4258,18.11,19.342
240.17,2.4244,18.107,19.349
240.33,2.4205,18.111,19.356
240.5,2.4264,18.113,19.362
240.67,2.4199,18.126,19.369
240.83,2.4187,18.135,19.376
241,2.4201,18.137,19.383
241.17,2.4207,18.138,19.391
241.33,2.4191,18.162,19.396
241.5,2.4168,18.167,19.404
241.67,2.4207,18.16,19.411
241.83,2.4161,18.178,19.418
242,2.4117,18.179,19.424
242.17,2.4152,18.2,19.432
242.33,2.4129,18.195,19.438
242.5,2.4149,18.204,19.446
242.67,2.412,18.218,19.453
242.83,2.4096,18.219,19.459
243,2.4116,18.231,19.466
243.17,2.4101,18.236,19.473
243.33,2.4084,18.247,19.479
243.5,2.4093,18.251,19.486
243.67,2.4068,18.254,19.492
243.83,2.4102,18.26,19.498
244,2.4078,18.27,19.505
244.17,2.4108,18.268,19.512
244.33,2.4089,18.295,19.519
244.5,2.4069,18.279,19.526
244.67,2.4026,18.3,19.531
244.83,2.4022,18.3,19.539
245,2.4009,18.302,19.546
245.17,2.4012,18.328,19.552
245.33,2.4037,18.323,19.559
245.5,2.4016,18.332,19.567
245.67,2.4016,18.331,19.573
245.83,2.4,18.349,19.58
246,2.3974,18.339,19.586
246.17,2.4016,18.352,19.593
246.33,2.3991,18.372,19.6
246.5,2.4003,18.378,19.608
246.67,2.396,18.372,19.614
246.83,2.3905,18.393,19.62
247,2.3948,18.408,19.628
247.17,2.3929,18.402,19.634
247.33,2.3925,18.411,19.641
247.5,2.3901,18.41,19.648
247.67,2.3904,18.422,19.655
247.83,2.3909,18.423,19.662
248,2.3915,18.45,19.668
248.17,2.3884,18.442,19.676
248.33,2.3899,18.45,19.683
248.5,2.3867,18.466,19.689
248.67,2.3847,18.471,19.696
248.83,2.3865,18.465,19.703
249,2.3854,18.47,19.71
249.17,2.3849,18.48,19.717
249.33,2.3843,18.487,19.723
249.5,2.3844,18.502,19.729
249.67,2.3781,18.51,19.736
249.83,2.3788,18.522,19.743
250,2.375,18.52,19.75
250.17,2.3749,18.538,19.757
250.33,2.3763,18.544,19.763
250.5,2.379,18.545,19.77
250.67,2.3779,18.544,19.776
250.83,2.3748,18.55,19.783
251,2.372,18.571,19.79
251.17,2.372,18.565,19.797
251.33,2.3723,18.583,19.803
251.5,2.3703,18.579,19.809
251.67,2.3751,18.593,19.816
251.83,2.372,18.601,19.822
252,2.3723,18.599,19.83
252.17,2.3709,18.608,19.837
252.33,2.3688,18.623,19.843
252.5,2.3699,18.621,19.849
252.67,2.3668,18.627,19.855
252.83,2.3697,18.636,19.861
253,2.3642,18.637,19.868
253.17,2.3704,18.644,19.875
253.33,2.3669,18.658,19.881
253.5,2.365,18.66,19.887
253.67,2.3678,18.662,19.895
253.83,2.3634,18.68,19.9
254,2.3622,18.686,19.907
254.17,2.3601,18.69,19.914
254.33,2.3652,18.687,19.921
254.5,2.3623,18.697,19.927
254.67,2.3593,18.706,19.934
254.83,2.3609,18.712,19.94
255,2.3584,18.724,19.947
255.17,2.3603,18.727,19.954
255.33,2.3575,18.734,19.96
255.5,2.3584,18.744,19.968
255.67,2.3558,18.744,19.973
255.83,2.3557,18.754,19.981
256,2.3541,18.751,19.987
256.17,2.3531,18.77,19.994
256.33,2.3547,18.771,20
256.5,2.3509,18.782,20.007
256.67,2.3529,18.797,20.013
256.83,2.3516,18.79,20.019
257,2.3477,18.806,20.026
257.17,2.3489,18.806,20.032
257.33,2.3488,18.813,20.038
257.5,2.3493,18.827,20.045
257.67,2.355,18.841,20.053
257.83,2.3486,18.838,20.059
258,2.3434,18.842,20.065
258.17,2.3466,18.862,20.072
258.33,2.3457,18.867,20.079
258.5,2.3491,18.871,20.085
258.67,2.3442,18.876,20.092
258.83,2.346,18.882,20.099
259,2.3447,18.889,20.105
259.17,2.3437,18.893,20.111
259.33,2.3378,18.897,20.117
259.5,2.3437,18.906,20.124
259.67,2.3443,18.907,20.131
259.83,2.3407,18.924,20.138
260,2.3409,18.932,20.144
260.17,2.3395,18.937,20.15
260.33,2.3454,18.943,20.158
260.5,2.3404,18.944,20.164
260.67,2.3377,18.964,20.17
260.83,2.3348,18.972,20.177
261,2.3391,18.963,20.182
261.17,2.3415,18.985,20.19
261.33,2.3345,18.978,20.196
261.5,2.3373,18.989,20.204
261.67,2.3378,18.995,20.21
261.83,2.3329,19.001,20.217
262,2.327,19.012,20.223
262.17,2.3297,19.015,20.23
262.33,2.3305,19.027,20.236
262.5,2.3278,19.038,20.243
262.67,2.3291,19.04,20.25
262.83,2.3235,19.046,20.256
263,2.3294,19.053,20.263
263.17,2.3274,19.06,20.27
263.33,2.3254,19.066,20.277
263.5,2.324,19.071,20.284
263.67,2.3243,19.07,20.29
263.83,2.3254,19.089,20.296
264,2.3246,19.085,20.302
264.17,2.3231,19.092,20.308
264.33,2.3202,19.11,20.315
264.5,2.323,19.114,20.321
264.67,2.3226,19.113,20.327
264.83,2.3227,19.127,20.333
265,2.3224,19.121,20.34
265.17,2.3147,19.128,20.346
265.33,2.3202,19.139,20.353
265.5,2.3183,19.155,20.359
265.67,2.321,19.154,20.366
265.83,2.3152,19.15,20.371
266,2.3184,19.167,20.378
266.17,2.3158,19.16,20.385
266.33,2.3135,19.183,20.392
266.5,2.3125,19.182,20.398
266.67,2.3116,19.198,20.404
266.83,2.3129,19.207,20.411
267,2.3147,19.201,20.418
267.17,2.3125,19.205,20.424
267.33,2.3142,19.212,20.431
267.5,2.3133,19.23,20.437
267.67,2.3115,19.231,20.444
267.83,2.3103,19.252,20.45
268,2.3097,19.251,20.456
268.17,2.3046,19.255,20.463
268.33,2.3043,19.268,20.47
268.5,2.3064,19.27,20.476
268.67,2.3067,19.267,20.483
268.83,2.3024,19.283,20.49
269,2.3061,19.28,20.496
269.17,2.3039,19.288,20.503
269.33,2.3047,19.301,20.508
269.5,2.3046,19.314,20.515
269.67,2.3015,19.322,20.522
269.83,2.3031,19.323,20.529
270,2.298,19.331,20.534
270.17,2.3012,19.326,20.541
270.33,2.301,19.34,20.547
270.5,2.2996,19.349,20.554
270.67,2.2997,19.356,20.56
270.83,2.3034,19.352,20.567
271,2.3022,19.362,20.573
271.17,2.2991,19.373,20.579
271.33,2.298,19.39,20.585
271.5,2.3002,19.39,20.592
271.67,2.2955,19.383,20.598
271.83,2.2992,19.395,20.605
272,2.298,19.405,20.61
272.17,2.2985,19.412,20.618
272.33,2.295,19.413,20.624
272.5,2.2936,19.426,20.631
272.67,2.2937,19.446,20.637
272.83,2.296,19.444,20.644
273,2.2967,19.438,20.65
273.17,2.2936,19.459,20.657
273.33,2.2913,19.46,20.664
273.5,2.2923,19.476,20.671
273.67,2.2936,19.472,20.677
273.83,2.2917,19.476,20.683
274,2.2894,19.484,20.69
274.17,2.2896,19.491,20.697
274.33,2.2884,19.501,20.703
274.5,2.2853,19.496,20.709
274.67,2.2863,19.51,20.715
274.83,2.2877,19.512,20.722
275,2.2869,19.529,20.728
275.17,2.2844,19.531,20.734
275.33,2.283,19.546,20.74
275.5,2.2844,19.546,20.747
275.67,2.2826,19.552,20.753
275.83,2.2795,19.556,20.759
276,2.2783,19.572,20.766
276.17,2.28,19.572,20.773
276.33,2.2806,19.578,20.78
276.5,2.2804,19.59,20.786
276.67,2.2814,19.588,20.792
276.83,2.2777,19.605,20.799
277,2.2795,19.607,20.805
277.17,2.2797,19.618,20.811
277.33,2.2757,19.624,20.817
277.5,2.2785,19.626,20.823
277.67,2.2786,19.639,20.83
277.83,2.28,19.638,20.836
278,2.2763,19.645,20.842
278.17,2.2777,19.642,20.849
278.33,2.2758,19.654,20.855
278.5,2.2719,19.667,20.861
278.67,2.2752,19.67,20.867
278.83,2.2714,19.676,20.873
279,2.2777,19.674,20.881
279.17,2.2708,19.688,20.886
279.33,2.2717,19.693,20.893
279.5,2.2717,19.711,20.899
279.67,2.2744,19.712,20.905
279.83,2.2691,19.725,20.911
280,2.2711,19.729,20.918
280.17,2.2698,19.729,20.924
280.33,2.2689,19.743,20.93
280.5,2.267,19.736,20.937
280.67,2.2673,19.741,20.942
280.83,2.2642,19.739,20.949
281,2.266,19.766,20.956
281.17,2.2653,19.765,20.962
281.33,2.2643,19.781,20.968
281.5,2.2638,19.784,20.975
281.67,2.2615,19.785,20.981
281.83,2.2598,19.792,20.987
282,2.2635,19.793,20.994
282.17,2.2628,19.813,20.999
282.33,2.2581,19.806,21.006
282.5,2.262,19.814,21.013
282.67,2.2564,19.825,21.018
282.83,2.2585,19.84,21.025
283,2.2585,19.831,21.031
283.17,2.2568,19.838,21.036
283.33,2.2575,19.852,21.043
283.5,2.2559,19.86,21.049
283.67,2.2583,19.857,21.055
283.83,2.2575,19.873,21.061
284,2.2572,19.869,21.067
284.17,2.255,19.881,21.074
284.33,2.2561,19.887,21.08
284.5,2.2588,19.89,21.086
284.67,2.2526,19.899,21.092
284.83,2.2545,19.906,21.1
285,2.2535,19.92,21.105
285.17,2.2543,19.921,21.112
285.33,2.2492,19.929,21.118
285.5,2.2517,19.934,21.125
285.67,2.2492,19.944,21.131
285.83,2.2515,19.955,21.137
286,2.2493,19.948,21.143
286.17,2.2516,19.957,21.149
286.33,2.2486,19.961,21.156
286.5,2.2491,19.969,21.162
286.67,2.247,19.971,21.167
286.83,2.2447,19.983,21.175
287,2.2477,19.989,21.183
287.17,2.2469,19.993,21.188
287.33,2.2452,19.991,21.194
287.5,2.2454,20.007,21.201
287.67,2.2447,20.024,21.209
287.83,2.2436,20.022,21.214
288,2.2451,20.04,21.221
288.17,2.2417,20.039,21.227
288.33,2.2476,20.039,21.234
288.5,2.2455,20.047,21.24
288.67,2.2395,20.047,21.246
288.83,2.2449,20.065,21.252
289,2.2387,20.066,21.258
289.17,2.24,20.07,21.264
289.33,2.2388,20.083,21.27
289.5,2.2389,20.081,21.276
289.67,2.2387,20.082,21.282
289.83,2.2385,20.09,21.289
290,2.2329,20.103,21.294
290.17,2.238,20.111,21.301
290.33,2.2384,20.112,21.307
290.5,2.2406,20.122,21.313
290.67,2.2353,20.125,21.318
290.83,2.2331,20.127,21.325
291,2.2317,20.139,21.33
291.17,2.2349,20.15,21.338
291.33,2.2291,20.153,21.343
291.5,2.2372,20.163,21.349
291.67,2.2321,20.177,21.355
291.83,2.2324,20.175,21.362
292,2.2302,20.173,21.367
292.17,2.2321,20.182,21.374
292.33,2.2312,20.193,21.38
292.5,2.2318,20.21,21.386
292.67,2.2302,20.208,21.392
292.83,2.2322,20.21,21.398
293,2.2318,20.214,21.405
293.17,2.232,20.217,21.411
293.33,2.2311,20.237,21.416
293.5,2.2266,20.242,21.423
293.67,2.2283,20.241,21.43
293.83,2.227,20.248,21.436
294,2.2261,20.258,21.442
294.17,2.2287,20.266,21.449
294.33,2.2263,20.277,21.454
294.5,2.2241,20.285,21.461
294.67,2.2263,20.284,21.466
294.83,2.2233,20.277,21.473
295,2.2265,20.297,21.479
295.17,2.2228,20.301,21.485
295.33,2.2221,20.309,21.491
295.5,2.2208,20.307,21.498
295.67,2.2234,20.322,21.504
295.83,2.2194,20.321,21.51
296,2.2213,20.33,21.515
296.17,2.2237,20.329,21.521
296.33,2.2239,20.338,21.528
296.5,2.2257,20.351,21.534
296.67,2.2223,20.348,21.54
296.83,2.2186,20.348,21.546
297,2.22,20.367,21.552
297.17,2.218,20.383,21.558
297.33,2.2196,20.37,21.564
297.5,2.2135,20.385,21.569
297.67,2.2162,20.39,21.577
297.83,2.2181,20.389,21.582
298,2.2145,20.4,21.587
298.17,2.2167,20.411,21.594
298.33,2.213,20.406,21.6
298.5,2.215,20.421,21.607
298.67,2.2129,20.421,21.612
298.83,2.2156,20.437,21.619
299,2.2116,20.443,21.625
299.17,2.2132,20.445,21.632
299.33,2.2098,20.445,21.637
299.5,2.2114,20.455,21.644
299.67,2.2118,20.465,21.65
299.83,2.2125,20.474,21.656
300,2.2134,20.477,21.663
300.17,2.2096,20.486,21.669
300.33,2.2079,20.48,21.676
300.5,2.2082,20.498,21.682
300.67,2.2067,20.499,21.687
300.83,2.2055,20.504,21.694
301,2.2048,20.512,21.7
301.17,2.2042,20.527,21.705
301.33,2.2039,20.521,21.712
301.5,2.2045,20.538,21.719
301.67,2.2038,20.551,21.724
301.83,2.2011,20.542,21.731
302,2.2015,20.563,21.736
302.17,2.2061,20.563,21.743
302.33,2.2008,20.566,21.749
302.5,2.2051,20.567,21.755
302.67,2.2039,20.571,21.761
302.83,2.2031,20.59,21.767
303,2.2049,20.591,21.773
303.17,2.2049,20.592,21.779
303.33,2.2021,20.605,21.784
303.5,2.2019,20.603,21.791
303.67,2.2011,20.609,21.797
303.83,2.2025,20.628,21.803
304,2.1969,20.624,21.808
304.17,2.1993,20.636,21.816
304.33,2.2006,20.64,21.822
304.5,2.1995,20.645,21.827
304.67,2.198,20.646,21.833
304.83,2.1932,20.651,21.838
305,2.1929,20.662,21.845
305.17,2.195,20.675,21.851
305.33,2.1929,20.669,21.856
305.5,2.1919,20.69,21.863
305.67,2.1941,20.692,21.869
305.83,2.1951,20.7,21.875
306,2.1959,20.707,21.881
306.17,2.1944,20.71,21.887
306.33,2.1952,20.707,21.893
306.5,2.1907,20.721,21.898
306.67,2.1973,20.737,21.905
306.83,2.1911,20.735,21.911
307,2.1956,20.736,21.917
307.17,2.1941,20.747,21.924
307.33,2.1931,20.758,21.929
307.5,2.1932,20.767,21.935
307.67,2.1881,20.761,21.941
307.83,2.1902,20.765,21.947
308,2.1883,20.773,21.954
308.17,2.1884,20.784,21.96
308.33,2.1895,20.786,21.966
308.5,2.1874,20.793,21.972
308.67,2.1858,20.805,21.977
308.83,2.1868,20.803,21.983
309,2.1835,20.814,21.99
309.17,2.1814,20.823,21.996
309.33,2.1852,20.819,22.002
309.5,2.182,20.835,22.008
309.67,2.1865,20.828,22.014
309.83,2.1858,20.839,22.02
310,2.1865,20.852,22.026
310.17,2.1836,20.845,22.032
310.33,2.187,20.862,22.038
310.5,2.1844,20.877,22.044
310.67,2.1845,20.871,22.05
310.83,2.1828,20.88,22.056
311,2.182,20.893,22.063
311.17,2.1822,20.905,22.069
311.33,2.1814,20.897,22.074
311.5,2.1811,20.905,22.081
311.67,2.1803,20.897,22.087
311.83,2.1836,20.917,22.093
312,2.1822,20.919,22.099
312.17,2.1827,20.935,22.105
312.33,2.1806,20.935,22.111
312.5,2.178,20.946,22.117
312.67,2.1777,20.938,22.122
312.83,2.1782,20.953,22.128
313,2.1776,20.969,22.135
313.17,2.1767,20.97,22.141
313.33,2.1771,20.973,22.147
313.5,2.1746,20.985,22.153
313.67,2.1755,20.988,22.16
313.83,2.1752,21,22.166
314,2.1757,21,22.171
314.17,2.1758,21.011,22.177
314.33,2.1746,21.01,22.183
314.5,2.1742,21.008,22.189
314.67,2.1743,21.026,22.195
314.83,2.1726,21.034,22.201
315,2.177,21.034,22.207
315.17,2.1751,21.04,22.212
315.33,2.1729,21.041,22.218
315.5,2.1735,21.057,22.224
315.67,2.1735,21.053,22.23
315.83,2.1738,21.067,22.236
316,2.1709,21.072,22.242
316.17,2.1715,21.082,22.248
316.33,2.1708,21.088,22.254
316.5,2.1684,21.094,22.26
316.67,2.168,21.09,22.265
316.83,2.1687,21.103,22.272
317,2.1673,21.104,22.277
317.17,2.1673,21.12,22.284
317.33,2.1649,21.121,22.289
317.5,2.1694,21.127,22.295
317.67,2.1657,21.137,22.302
317.83,2.1639,21.13,22.306
318,2.1694,21.139,22.313
318.17,2.1636,21.14,22.319
318.33,2.1682,21.15,22.325
318.5,2.1625,21.159,22.331
318.67,2.1638,21.17,22.337
318.83,2.1608,21.175,22.343
319,2.1613,21.189,22.348
319.17,2.1633,21.18,22.356
319.33,2.1617,21.196,22.361
319.5,2.1621,21.192,22.367
319.67,2.1611,21.198,22.373
319.83,2.1602,21.2,22.379
320,2.1586,21.215,22.384
320.17,2.1616,21.224,22.391
320.33,2.1624,21.223,22.397
320.5,2.1602,21.242,22.402
320.67,2.1581,21.245,22.408
320.83,2.16,21.245,22.414
321,2.1571,21.247,22.42
321.17,2.16,21.254,22.426
321.33,2.1592,21.26,22.431
321.5,2.1574,21.266,22.438
321.67,2.16,21.266,22.443
321.83,2.1587,21.28,22.449
322,2.1582,21.283,22.454
322.17,2.157,21.292,22.46
322.33,2.1596,21.287,22.466
322.5,2.1548,21.306,22.472
322.67,2.157,21.305,22.478
322.83,2.1563,21.318,22.484
323,2.1556,21.326,22.49
323.17,2.1571,21.319,22.495
323.33,2.1538,21.337,22.501
323.5,2.1551,21.334,22.507
323.67,2.156,21.35,22.513
323.83,2.1503,21.344,22.519
324,2.154,21.366,22.524
324.17,2.1562,21.358,22.531
324.33,2.1529,21.371,22.537
324.5,2.1521,21.373,22.543
324.67,2.1519,21.377,22.548
324.83,2.149,21.393,22.555
325,2.1466,21.395,22.56
325.17,2.1487,21.4,22.566
325.33,2.1469,21.41,22.572
325.5,2.1483,21.416,22.578
325.67,2.1481,21.416,22.583
325.83,2.1464,21.417,22.59
326,2.1445,21.44,22.595
326.17,2.1475,21.434,22.602
326.33,2.1452,21.44,22.608
326.5,2.1483,21.443,22.614
326.67,2.1443,21.456,22.62
326.83,2.145,21.457,22.626
327,2.1475,21.463,22.633
327.17,2.1464,21.465,22.638
327.33,2.1431,21.466,22.644
327.5,2.1427,21.488,22.65
327.67,2.1428,21.496,22.656
327.83,2.1433,21.491,22.662
328,2.1413,21.496,22.668
328.17,2.141,21.505,22.673
328.33,2.1425,21.513,22.672
328.5,2.1408,21.52,22.685
328.67,2.1405,21.519,22.691
328.83,2.1389,21.528,22.697
329,2.1394,21.536,22.702
329.17,2.1391,21.539,22.708
329.33,2.1405,21.543,22.713
329.5,2.1408,21.549,22.72
329.67,2.143,21.556,22.717
329.83,2.1386,21.559,22.724
330,2.1392,21.57,22.737
330.17,2.1378,21.571,22.735
330.33,2.1381,21.587,22.749
330.5,2.1403,21.585,22.746
330.67,2.1391,21.599,22.752
330.83,2.1396,21.601,22.758
331,2.1395,21.6,22.764
331.17,2.1414,21.609,22.77
331.33,2.136,21.623,22.783
331.5,2.1359,21.63,22.78
331.67,2.1352,21.626,22.787
331.83,2.1346,21.637,22.793
332,2.1335,21.647,22.806
332.17,2.1354,21.638,22.812
332.33,2.134,21.645,22.818
332.5,2.1338,21.67,22.816
332.67,2.1309,21.669,22.829
332.83,2.1346,21.668,22.827
333,2.1312,21.674,22.833
333.17,2.1342,21.688,22.839
333.33,2.1338,21.696,22.852
333.5,2.1318,21.699,22.851
333.67,2.1334,21.71,22.856
333.83,2.1328,21.71,22.862
334,2.132,21.718,22.867
334.17,2.1326,21.727,22.873
334.33,2.1344,21.727,22.879
334.5,2.1307,21.728,22.885
334.67,2.1321,21.738,22.898
334.83,2.1307,21.745,22.896
335,2.1305,21.748,22.901
335.17,2.1353,21.75,22.908
335.33,2.1296,21.76,22.913
335.5,2.1269,21.771,22.919
335.67,2.1294,21.764,22.925
335.83,2.1291,21.777,22.931
336,2.1283,21.78,22.935
336.17,2.131,21.794,22.942
336.33,2.1284,21.791,22.948
336.5,2.1248,21.803,22.953
336.67,2.1253,21.803,22.959
336.83,2.1228,21.805,22.965
337,2.1253,21.818,22.971
337.17,2.126,21.816,22.977
337.33,2.1248,21.832,22.982
337.5,2.127,21.833,22.988
337.67,2.1262,21.831,22.995
337.83,2.1286,9.0051,23.001
